Workbook

Sheet Validaciones
A1: Nombre del Documento | J1: Clave: | K1: GRENVTPM003
J2: Revisión: | K2: 000
A3: Horarios envasado | J3: Fecha: | K3: 46108
J4: Página: | K4: NA
A6: ELABORÓ | E6: REVISÓ | J6: APROBÓ
A7: Supervisor de packaging | E7: Supervisor de packaging | J7: Gerente de packaging
D12: Codigo | E12: Horario | F12: HORAS TRABAJADAS | I12: Equipos
D13: 0 | E13: Descanso | F13: 0 | I13: Modulfill | J13: Llenadora
D14: 1 | E14: 07:30 - 16:30 | F14: 8 | I14: Variopac | J14: Lavadora
D15: 5 | E15: 15:30 - 00:30 | F15: 8 | I15: Varioline | J15: Etiquetadora
D16: 9 | E16: 23:30 - 08:30 | F16: 8 | I16: Pressant | J16: Variopac
D17: 4 | E17: 07:30 - 20:30 | F17: 12 | I17: Modulpal | J17: Pz
D18: 7 | E18: 19:30 - 08:30 | F18: 12 | I18: Brigadas | J18: Depa/Pale
E19: 03:30 - 16:30 | F19: 12 | I19: PM Day | J19: Enca/desenca
E20: 15:30 - 04:30 | F20: 12 | I20: Asepsia | J20: BT4
D21: 8 | E21: Vacaciones | F21: 8 | I21: Limpieza | J21: BT5
D22: 6 | E22: Cumpleaños | F22: 0 | I22: PRI
D23: 10 | E23: Descanso médico | F23: 0 | I23: PZ
D24: 11 | E24: Calamidad doméstica | F24: 8 | I24: APM
D25: 12 | E25: Evento | F25: 8 | I25: Capacitación
D26: 13 | E26: Cita médica | F26: 8
D27: 14 | E27: 07:30 - 20:30 F | F27: 12
D28: 15 | E28: 19:30 - 08:30 F | F28: 12
D29: 16 | E29: 03:30 - 16:30 F | F29: 12
D30: 17 | E30: 15:30 - 04:30 F | F30: 12
D31: 18 | E31: 12:30 - 00:30 | F31: 12
D32: 19 | E32: 23:30 - 12:30 | F32: 12
D33: 20 | E33: 11:30 - 00:30 F | F33: 12
D34: 21 | E34: 10:30 - 17:30 | F34: 12
D35: 22 | E35: Paternidad | F35: 8
D36: 23 | E36: 19:30 - 04:30 F | F36: 5
D37: 24 | E37: Desprogramación externa | F37: 8
... D39: 26 | E39: 12:30 - 20:00 | F39: 8
E40: NO COMPLETAR FIN VALIDACIONES

Sheet Horario linea de latas
B1: Nombre del Documento | E1: Clave: | F1: GRENVTPM003
E2: Revisión: | F2: 000
B3: Horarios envasado | E3: Fecha: | F3: 46108
E4: Página: | F4: NA
B6: ELABORÓ | C6: REVISÓ | E6: APROBÓ
B7: Supervisor de packaging | C7: Supervisor de packaging | E7: Gerente de packaging
B10: Cedula | C10: Grupo | D10: Nombre | G10: =+TEXT(H10,"dddd") -> martes | H10: 45860 | J10: =+TEXT(K10,"dddd") -> miércoles | K10: =+H10+1 -> 45861 | M10: =+TEXT(N10,"dddd") -> jueves | N10: =+K10+1 -> 45862 | P10: =+TEXT(Q10,"dddd") -> viernes | Q10: =+N10+1 -> 45863 | S10: =+TEXT(T10,"dddd") -> sábado | T10: =+Q10+1 -> 45864 | V10: =+TEXT(W10,"dddd") -> domingo | W10: =+T10+1 -> 45865 | Y10: =+TEXT(Z10,"dddd") -> lunes | Z10: =+W10+1 -> 45866 | AB10: =+TEXT(AC10,"dddd") -> martes | AC10: =+Z10+1 -> 45867 | AE10: =+TEXT(AF10,"dddd") -> miércoles | AF10: =+AC10+1 -> 45868 | AH10: =+TEXT(AI10,"dddd") -> jueves | AI10: =+AF10+1 -> 45869 | AK10: =+TEXT(AL10,"dddd") -> viernes | AL10: =+AI10+1 -> 45870 | AN10: =+TEXT(AO10,"dddd") -> sábado | AO10: =+AL10+1 -> 45871 | AQ10: =+TEXT(AR10,"dddd") -> domingo | AR10: =+AO10+1 -> 45872 | AT10: =+TEXT(AU10,"dddd") -> lunes | AU10: =+AR10+1 -> 45873 | AW10: =+TEXT(AX10,"dddd") -> martes | AX10: =+AU10+1 -> 45874 | AZ10: =+TEXT(BA10,"dddd") -> miércoles | BA10: =+AX10+1 -> 45875 | BC10: =+TEXT(BD10,"dddd") -> jueves | BD10: =+BA10+1 -> 45876 | BF10: =+TEXT(BG10,"dddd") -> viernes | BG10: =+BD10+1 -> 45877 | BI10: =+TEXT(BJ10,"dddd") -> sábado | BJ10: =+BG10+1 -> 45878 | BL10: =+TEXT(BM10,"dddd") -> domingo | BM10: =+BJ10+1 -> 45879 | BO10: =+TEXT(BP10,"dddd") -> lunes | BP10: =+BM10+1 -> 45880 | BR10: =+TEXT(BS10,"dddd") -> martes | BS10: =+BP10+1 -> 45881 | BU10: =+TEXT(BV10,"dddd") -> miércoles | BV10: =+BS10+1 -> 45882 | BX10: =+TEXT(BY10,"dddd") -> jueves | BY10: =+BV10+1 -> 45883 | CA10: =+TEXT(CB10,"dddd") -> viernes | CB10: =+BY10+1 -> 45884 | CD10: =+TEXT(CE10,"dddd") -> sábado | CE10: =+CB10+1 -> 45885 | CG10: =+TEXT(CH10,"dddd") -> domingo | CH10: =+CE10+1 -> 45886 | CJ10: =+TEXT(CK10,"dddd") -> lunes | CK10: =+CH10+1 -> 45887 | CM10: =+TEXT(CN10,"dddd") -> martes | CN10: =+CK10+1 -> 45888 | CP10: =+TEXT(CQ10,"dddd") -> miércoles | CQ10: =+CN10+1 -> 45889 | CS10: =+TEXT(CT10,"dddd") -> jueves | CT10: =+CQ10+1 -> 45890 | CV10: =+TEXT(CW10,"dddd") -> viernes | CW10: =+CT10+1 -> 45891 | CY10: =+TEXT(CZ10,"dddd") -> sábado | CZ10: =+CW10+1 -> 45892 | DB10: =+TEXT(DC10,"dddd") -> domingo | DC10: =+CZ10+1 -> 45893 | DE10: =+TEXT(DF10,"dddd") -> lunes | DF10: =+DC10+1 -> 45894 | DH10: =+TEXT(DI10,"dddd") -> martes | DI10: =+DF10+1 -> 45895 | DK10: =+TEXT(DL10,"dddd") -> miércoles | DL10: =+DI10+1 -> 45896 | DN10: =+TEXT(DO10,"dddd") -> jueves | DO10: =+DL10+1 -> 45897 | DQ10: =+TEXT(DR10,"dddd") -> viernes | DR10: =+DO10+1 -> 45898 | DT10: =+TEXT(DU10,"dddd") -> sábado | DU10: =+DR10+1 -> 45899 | DW10: =+TEXT(DX10,"dddd") -> domingo | DX10: =+DU10+1 -> 45900 | DZ10: =+TEXT(EA10,"dddd") -> lunes | EA10: =+DX10+1 -> 45901 | EC10: =+TEXT(ED10,"dddd") -> martes | ED10: =+EA10+1 -> 45902 | EF10: =+TEXT(EG10,"dddd") -> miércoles | EG10: =+ED10+1 -> 45903 | EI10: =+TEXT(EJ10,"dddd") -> jueves | EJ10: =+EG10+1 -> 45904 | EL10: =+TEXT(EM10,"dddd") -> viernes | EM10: =+EJ10+1 -> 45905 | EO10: =+TEXT(EP10,"dddd") -> sábado | EP10: =+EM10+1 -> 45906 | ER10: =+TEXT(ES10,"dddd") -> domingo | ES10: =+EP10+1 -> 45907 | EU10: =+TEXT(EV10,"dddd") -> lunes | EV10: =+ES10+1 -> 45908 | EX10: =+TEXT(EY10,"dddd") -> martes | EY10: =+EV10+1 -> 45909 | FA10: =+TEXT(FB10,"dddd") -> miércoles | FB10: =+EY10+1 -> 45910 | FD10: =+TEXT(FE10,"dddd") -> jueves | FE10: =+FB10+1 -> 45911 | FG10: =+TEXT(FH10,"dddd") -> viernes | FH10: =+FE10+1 -> 45912 | FJ10: =+TEXT(FK10,"dddd") -> sábado | FK10: =+FH10+1 -> 45913 | FM10: =+TEXT(FN10,"dddd") -> domingo | FN10: =+FK10+1 -> 45914 | FP10: =+TEXT(FQ10,"dddd") -> lunes | FQ10: =+FN10+1 -> 45915 | FS10: =+TEXT(FT10,"dddd") -> martes | FT10: =+FQ10+1 -> 45916 | FV10: =+TEXT(FW10,"dddd") -> miércoles | FW10: =+FT10+1 -> 45917 | FY10: =+TEXT(FZ10,"dddd") -> jueves | FZ10: =+FW10+1 -> 45918 | GB10: =+TEXT(GC10,"dddd") -> viernes | GC10: =+FZ10+1 -> 45919 | GE10: =+TEXT(GF10,"dddd") -> sábado | GF10: =+GC10+1 -> 45920 | GH10: =+TEXT(GI10,"dddd") -> domingo | GI10: =+GF10+1 -> 45921 | GK10: =+TEXT(GL10,"dddd") -> lunes | GL10: =+GI10+1 -> 45922 | GN10: =+TEXT(GO10,"dddd") -> martes | GO10: =+GL10+1 -> 45923 | GQ10: =+TEXT(GR10,"dddd") -> miércoles | GR10: =+GO10+1 -> 45924 | GT10: =+TEXT(GU10,"dddd") -> jueves | GU10: =+GR10+1 -> 45925 | GW10: =+TEXT(GX10,"dddd") -> viernes | GX10: =+GU10+1 -> 45926 | GZ10: =+TEXT(HA10,"dddd") -> sábado | HA10: =+GX10+1 -> 45927 | HC10: =+TEXT(HD10,"dddd") -> domingo | HD10: =+HA10+1 -> 45928 | HF10: =+TEXT(HG10,"dddd") -> lunes | HG10: =+HD10+1 -> 45929 | HI10: =+TEXT(HJ10,"dddd") -> martes | HJ10: =+HG10+1 -> 45930 | HL10: =+TEXT(HM10,"dddd") -> miércoles | HM10: =+HJ10+1 -> 45931 | HO10: =+TEXT(HP10,"dddd") -> jueves | HP10: =+HM10+1 -> 45932 | HR10: =+TEXT(HS10,"dddd") -> viernes | HS10: =+HP10+1 -> 45933 | HU10: =+TEXT(HV10,"dddd") -> sábado | HV10: =+HS10+1 -> 45934 | HX10: =+TEXT(HY10,"dddd") -> domingo | HY10: =+HV10+1 -> 45935 | IA10: =+TEXT(IB10,"dddd") -> lunes | IB10: =+HY10+1 -> 45936 | ID10: =+TEXT(IE10,"dddd") -> martes | IE10: =+IB10+1 -> 45937 | IG10: =+TEXT(IH10,"dddd") -> miércoles | IH10: =+IE10+1 -> 45938 | IJ10: =+TEXT(IK10,"dddd") -> jueves | IK10: =+IH10+1 -> 45939 | IM10: =+TEXT(IN10,"dddd") -> viernes | IN10: =+IK10+1 -> 45940 | IP10: =+TEXT(IQ10,"dddd") -> sábado | IQ10: =+IN10+1 -> 45941 | IS10: =+TEXT(IT10,"dddd") -> domingo | IT10: =+IQ10+1 -> 45942 | IV10: =+TEXT(IW10,"dddd") -> lunes | IW10: =+IT10+1 -> 45943 | IY10: =+TEXT(IZ10,"dddd") -> martes | IZ10: =+IW10+1 -> 45944 | JB10: =+TEXT(JC10,"dddd") -> miércoles | JC10: =+IZ10+1 -> 45945 | JE10: =+TEXT(JF10,"dddd") -> jueves | JF10: =+JC10+1 -> 45946 | JH10: =+TEXT(JI10,"dddd") -> viernes | JI10: =+JF10+1 -> 45947 | JK10: =+TEXT(JL10,"dddd") -> sábado | JL10: =+JI10+1 -> 45948 | JN10: =+TEXT(JO10,"dddd") -> domingo | JO10: =+JL10+1 -> 45949 | JQ10: =+TEXT(JR10,"dddd") -> lunes | JR10: =+JO10+1 -> 45950 | JT10: =+TEXT(JU10,"dddd") -> martes | JU10: =+JR10+1 -> 45951 | JW10: =+TEXT(JX10,"dddd") -> miércoles | JX10: =+JU10+1 -> 45952 | JZ10: =+TEXT(KA10,"dddd") -> jueves | KA10: =+JX10+1 -> 45953 | KC10: =+TEXT(KD10,"dddd") -> viernes | KD10: =+KA10+1 -> 45954 | KF10: =+TEXT(KG10,"dddd") -> sábado | KG10: =+KD10+1 -> 45955 | KI10: =+TEXT(KJ10,"dddd") -> domingo | KJ10: =+KG10+1 -> 45956 | KL10: =+TEXT(KM10,"dddd") -> lunes | KM10: =+KJ10+1 -> 45957 | KO10: =+TEXT(KP10,"dddd") -> martes | KP10: =+KM10+1 -> 45958 | KR10: =+TEXT(KS10,"dddd") -> miércoles | KS10: =+KP10+1 -> 45959 | KU10: =+TEXT(KV10,"dddd") -> jueves | KV10: =+KS10+1 -> 45960 | KX10: =+TEXT(KY10,"dddd") -> viernes | KY10: =+KV10+1 -> 45961 | LA10: =+TEXT(LB10,"dddd") -> sábado | LB10: =+KY10+1 -> 45962 | LD10: =+TEXT(LE10,"dddd") -> domingo | LE10: =+LB10+1 -> 45963 | LG10: =+TEXT(LH10,"dddd") -> lunes | LH10: =+LE10+1 -> 45964 | LJ10: =+TEXT(LK10,"dddd") -> martes | LK10: =+LH10+1 -> 45965 | LM10: =+TEXT(LN10,"dddd") -> miércoles | LN10: =+LK10+1 -> 45966 | LP10: =+TEXT(LQ10,"dddd") -> jueves | LQ10: =+LN10+1 -> 45967 | LS10: =+TEXT(LT10,"dddd") -> viernes | LT10: =+LQ10+1 -> 45968 | LV10: =+TEXT(LW10,"dddd") -> sábado | LW10: =+LT10+1 -> 45969 | LY10: =+TEXT(LZ10,"dddd") -> domingo | LZ10: =+LW10+1 -> 45970 | MB10: =+TEXT(MC10,"dddd") -> lunes | MC10: =+LZ10+1 -> 45971 | ME10: =+TEXT(MF10,"dddd") -> martes | MF10: =+MC10+1 -> 45972 | MH10: =+TEXT(MI10,"dddd") -> miércoles | MI10: =+MF10+1 -> 45973 | MK10: =+TEXT(ML10,"dddd") -> jueves | ML10: =+MI10+1 -> 45974 | MN10: =+TEXT(MO10,"dddd") -> viernes | MO10: =+ML10+1 -> 45975 | MQ10: =+TEXT(MR10,"dddd") -> sábado | MR10: =+MO10+1 -> 45976 | MT10: =+TEXT(MU10,"dddd") -> domingo | MU10: =+MR10+1 -> 45977 | MW10: =+TEXT(MX10,"dddd") -> lunes | MX10: =+MU10+1 -> 45978 | MZ10: =+TEXT(NA10,"dddd") -> martes | NA10: =+MX10+1 -> 45979 | NC10: =+TEXT(ND10,"dddd") -> miércoles | ND10: =+NA10+1 -> 45980 | NF10: =+TEXT(NG10,"dddd") -> jueves | NG10: =+ND10+1 -> 45981 | NI10: =+TEXT(NJ10,"dddd") -> viernes | NJ10: =+NG10+1 -> 45982 | NL10: =+TEXT(NM10,"dddd") -> sábado | NM10: =+NJ10+1 -> 45983 | NO10: =+TEXT(NP10,"dddd") -> domingo | NP10: =+NM10+1 -> 45984 | NR10: =+TEXT(NS10,"dddd") -> lunes | NS10: =+NP10+1 -> 45985 | NU10: =+TEXT(NV10,"dddd") -> martes | NV10: =+NS10+1 -> 45986 | NX10: =+TEXT(NY10,"dddd") -> miércoles | NY10: =+NV10+1 -> 45987 | OA10: =+TEXT(OB10,"dddd") -> jueves | OB10: =+NY10+1 -> 45988 | OD10: =+TEXT(OE10,"dddd") -> viernes | OE10: =+OB10+1 -> 45989 | OG10: =+TEXT(OH10,"dddd") -> sábado | OH10: =+OE10+1 -> 45990 | OJ10: =+TEXT(OK10,"dddd") -> domingo | OK10: =+OH10+1 -> 45991 | OM10: =+TEXT(ON10,"dddd") -> lunes | ON10: =+OK10+1 -> 45992 | OP10: =+TEXT(OQ10,"dddd") -> martes | OQ10: =+ON10+1 -> 45993 | OS10: =+TEXT(OT10,"dddd") -> miércoles | OT10: =+OQ10+1 -> 45994 | OV10: =+TEXT(OW10,"dddd") -> jueves | OW10: =+OT10+1 -> 45995 | OY10: =+TEXT(OZ10,"dddd") -> viernes | OZ10: =+OW10+1 -> 45996 | PB10: =+TEXT(PC10,"dddd") -> sábado | PC10: =+OZ10+1 -> 45997 | PE10: =+TEXT(PF10,"dddd") -> domingo | PF10: =+PC10+1 -> 45998 | PH10: =+TEXT(PI10,"dddd") -> lunes | PI10: =+PF10+1 -> 45999 | PK10: =+TEXT(PL10,"dddd") -> martes | PL10: =+PI10+1 -> 46000 | PN10: =+TEXT(PO10,"dddd") -> miércoles | PO10: =+PL10+1 -> 46001 | PQ10: =+TEXT(PR10,"dddd") -> jueves | PR10: =+PO10+1 -> 46002 | PT10: =+TEXT(PU10,"dddd") -> viernes | PU10: =+PR10+1 -> 46003 | PW10: =+TEXT(PX10,"dddd") -> sábado | PX10: =+PU10+1 -> 46004 | PZ10: =+TEXT(QA10,"dddd") -> domingo | QA10: =+PX10+1 -> 46005 | QC10: =+TEXT(QD10,"dddd") -> lunes | QD10: =+QA10+1 -> 46006 | QF10: =+TEXT(QG10,"dddd") -> martes | QG10: =+QD10+1 -> 46007 | QI10: =+TEXT(QJ10,"dddd") -> miércoles | QJ10: =+QG10+1 -> 46008 | QM10: =+QJ10+1 -> 46009 | QO10: =+TEXT(QP10,"dddd") -> viernes | QP10: =+QM10+1 -> 46010 | QR10: =+TEXT(QS10,"dddd") -> sábado | QS10: =+QP10+1 -> 46011 | QU10: =+TEXT(QV10,"dddd") -> domingo | QV10: =+QS10+1 -> 46012 | QX10: =+TEXT(QY10,"dddd") -> lunes | QY10: =+QV10+1 -> 46013 | RA10: =+TEXT(RB10,"dddd") -> martes | RB10: =+QY10+1 -> 46014 | RD10: =+TEXT(RE10,"dddd") -> miércoles | RE10: =+RB10+1 -> 46015 | RG10: =+TEXT(RH10,"dddd") -> jueves | RH10: =+RE10+1 -> 46016 | RJ10: =+TEXT(RK10,"dddd") -> viernes | RK10: =+RH10+1 -> 46017 | RM10: =+TEXT(RN10,"dddd") -> sábado | RN10: =+RK10+1 -> 46018 | RP10: =+TEXT(RQ10,"dddd") -> domingo | RQ10: =+RN10+1 -> 46019 | RS10: =+TEXT(RT10,"dddd") -> lunes | RT10: =+RQ10+1 -> 46020 | RV10: =+TEXT(RW10,"dddd") -> martes | RW10: =+RT10+1 -> 46021 | RY10: =+TEXT(RZ10,"dddd") -> miércoles | RZ10: =+RW10+1 -> 46022 | SB10: =+TEXT(SC10,"dddd") -> jueves | SC10: =+RZ10+1 -> 46023 | SE10: =+TEXT(SF10,"dddd") -> viernes | SF10: =+SC10+1 -> 46024 | SH10: =+TEXT(SI10,"dddd") -> sábado | SI10: =+SF10+1 -> 46025 | SK10: =+TEXT(SL10,"dddd") -> domingo | SL10: =+SI10+1 -> 46026 | SN10: =+TEXT(SO10,"dddd") -> lunes | SO10: =+SL10+1 -> 46027 | SQ10: =+TEXT(SR10,"dddd") -> martes | SR10: =+SO10+1 -> 46028 | ST10: =+TEXT(SU10,"dddd") -> miércoles | SU10: =+SR10+1 -> 46029 | SW10: =+TEXT(SX10,"dddd") -> jueves | SX10: =+SU10+1 -> 46030 | SZ10: =+TEXT(TA10,"dddd") -> viernes | TA10: =+SX10+1 -> 46031 | TC10: =+TEXT(TD10,"dddd") -> sábado | TD10: =+TA10+1 -> 46032 | TF10: =+TEXT(TG10,"dddd") -> domingo | TG10: =+TD10+1 -> 46033 | TI10: =+TEXT(TJ10,"dddd") -> lunes | TJ10: =+TG10+1 -> 46034 | TL10: =+TEXT(TM10,"dddd") -> martes | TM10: =+TJ10+1 -> 46035 | TO10: =+TEXT(TP10,"dddd") -> miércoles | TP10: =+TM10+1 -> 46036 | TR10: =+TEXT(TS10,"dddd") -> jueves | TS10: =+TP10+1 -> 46037 | TU10: =+TEXT(TV10,"dddd") -> viernes | TV10: =+TS10+1 -> 46038 | TX10: =+TEXT(TY10,"dddd") -> sábado | TY10: =+TV10+1 -> 46039 | UA10: =+TEXT(UB10,"dddd") -> domingo | UB10: =+TY10+1 -> 46040 | UD10: =+TEXT(UE10,"dddd") -> lunes | UE10: =+UB10+1 -> 46041 | UG10: =+TEXT(UH10,"dddd") -> martes | UH10: =+UE10+1 -> 46042 | UJ10: =+TEXT(UK10,"dddd") -> miércoles | UK10: =+UH10+1 -> 46043 | UM10: =+TEXT(UN10,"dddd") -> jueves | UN10: =+UK10+1 -> 46044 | UP10: =+TEXT(UQ10,"dddd") -> viernes | UQ10: =+UN10+1 -> 46045 | US10: =+TEXT(UT10,"dddd") -> sábado | UT10: =+UQ10+1 -> 46046 | UV10: =+TEXT(UW10,"dddd") -> domingo | UW10: =+UT10+1 -> 46047 | UY10: =+TEXT(UZ10,"dddd") -> lunes | UZ10: =+UW10+1 -> 46048 | VB10: =+TEXT(VC10,"dddd") -> martes | VC10: =+UZ10+1 -> 46049 | VE10: =+TEXT(VF10,"dddd") -> miércoles | VF10: =+VC10+1 -> 46050 | VH10: =+TEXT(VI10,"dddd") -> jueves | VI10: =+VF10+1 -> 46051 | VK10: =+TEXT(VL10,"dddd") -> viernes | VL10: =+VI10+1 -> 46052 | VN10: =+TEXT(VO10,"dddd") -> sábado | VO10: =+VL10+1 -> 46053 | VQ10: =+TEXT(VR10,"dddd") -> domingo | VR10: =+VO10+1 -> 46054 | VT10: =+TEXT(VU10,"dddd") -> lunes | VU10: =+VR10+1 -> 46055 | VW10: =+TEXT(VX10,"dddd") -> martes | VX10: =+VU10+1 -> 46056 | VZ10: =+TEXT(WA10,"dddd") -> miércoles | WA10: =+VX10+1 -> 46057 | WC10: =+TEXT(WD10,"dddd") -> jueves | WD10: =+WA10+1 -> 46058 | WF10: =+TEXT(WG10,"dddd") -> viernes | WG10: =+WD10+1 -> 46059 | WI10: =+TEXT(WJ10,"dddd") -> sábado | WJ10: =+WG10+1 -> 46060 | WL10: =+TEXT(WM10,"dddd") -> domingo | WM10: =+WJ10+1 -> 46061 | WO10: =+TEXT(WP10,"dddd") -> lunes | WP10: =+WM10+1 -> 46062 | WR10: =+TEXT(WS10,"dddd") -> martes | WS10: =+WP10+1 -> 46063 | WU10: =+TEXT(WV10,"dddd") -> miércoles | WV10: =+WS10+1 -> 46064 | WX10: =+TEXT(WY10,"dddd") -> jueves | WY10: =+WV10+1 -> 46065 | XA10: =+TEXT(XB10,"dddd") -> viernes | XB10: =+WY10+1 -> 46066 | XD10: =+TEXT(XE10,"dddd") -> sábado | XE10: =+XB10+1 -> 46067 | XG10: =+TEXT(XH10,"dddd") -> domingo | XH10: =+XE10+1 -> 46068 | XJ10: =+TEXT(XK10,"dddd") -> lunes | XK10: =+XH10+1 -> 46069 | XM10: =+TEXT(XN10,"dddd") -> martes | XN10: =+XK10+1 -> 46070 | XP10: =+TEXT(XQ10,"dddd") -> miércoles | XQ10: =+XN10+1 -> 46071 | XS10: =+TEXT(XT10,"dddd") -> jueves | XT10: =+XQ10+1 -> 46072 | XV10: =+TEXT(XW10,"dddd") -> viernes | XW10: =+XT10+1 -> 46073 | XY10: =+TEXT(XZ10,"dddd") -> sábado | XZ10: =+XW10+1 -> 46074 | YB10: =+TEXT(YC10,"dddd") -> domingo | YC10: =+XZ10+1 -> 46075 | YE10: =+TEXT(YF10,"dddd") -> lunes | YF10: =+YC10+1 -> 46076 | YH10: =+TEXT(YI10,"dddd") -> martes | YI10: =+YF10+1 -> 46077 | YK10: =+TEXT(YL10,"dddd") -> miércoles | YL10: =+YI10+1 -> 46078 | YN10: =+TEXT(YO10,"dddd") -> jueves | YO10: =+YL10+1 -> 46079 | YQ10: =+TEXT(YR10,"dddd") -> viernes | YR10: =+YO10+1 -> 46080 | YT10: =+TEXT(YU10,"dddd") -> sábado | YU10: =+YR10+1 -> 46081 | YW10: =+TEXT(YX10,"dddd") -> domingo | YX10: =+YU10+1 -> 46082 | YZ10: =+TEXT(ZA10,"dddd") -> lunes | ZA10: =+YX10+1 -> 46083 | ZC10: =+TEXT(ZD10,"dddd") -> martes | ZD10: =+ZA10+1 -> 46084 | ZF10: =+TEXT(ZG10,"dddd") -> miércoles | ZG10: =+ZD10+1 -> 46085 | ZI10: =+TEXT(ZJ10,"dddd") -> jueves | ZJ10: =+ZG10+1 -> 46086 | ZL10: =+TEXT(ZM10,"dddd") -> viernes | ZM10: =+ZJ10+1 -> 46087 | ZO10: =+TEXT(ZP10,"dddd") -> sábado | ZP10: =+ZM10+1 -> 46088 | ZR10: =+TEXT(ZS10,"dddd") -> domingo | ZS10: =+ZP10+1 -> 46089 | ZU10: =+TEXT(ZV10,"dddd") -> lunes | ZV10: =+ZS10+1 -> 46090 | ZX10: =+TEXT(ZY10,"dddd") -> martes | ZY10: =+ZV10+1 -> 46091 | AAA10: =+TEXT(AAB10,"dddd") -> miércoles | AAB10: =+ZY10+1 -> 46092 | AAD10: =+TEXT(AAE10,"dddd") -> jueves | AAE10: =+AAB10+1 -> 46093 | AAG10: =+TEXT(AAH10,"dddd") -> viernes | AAH10: =+AAE10+1 -> 46094 | AAJ10: =+TEXT(AAK10,"dddd") -> sábado | AAK10: =+AAH10+1 -> 46095 | AAM10: =+TEXT(AAN10,"dddd") -> domingo | AAN10: =+AAK10+1 -> 46096 | AAP10: =+TEXT(AAQ10,"dddd") -> lunes | AAQ10: =+AAN10+1 -> 46097 | AAS10: =+TEXT(AAT10,"dddd") -> martes | AAT10: =+AAQ10+1 -> 46098 | AAV10: =+TEXT(AAW10,"dddd") -> miércoles | AAW10: =+AAT10+1 -> 46099 | AAY10: =+TEXT(AAZ10,"dddd") -> jueves | AAZ10: =+AAW10+1 -> 46100 | ABB10: =+TEXT(ABC10,"dddd") -> viernes | ABC10: =+AAZ10+1 -> 46101 | ABE10: =+TEXT(ABF10,"dddd") -> sábado | ABF10: =+ABC10+1 -> 46102 | ABH10: =+TEXT(ABI10,"dddd") -> domingo | ABI10: =+ABF10+1 -> 46103 | ABK10: =+TEXT(ABL10,"dddd") -> lunes | ABL10: =+ABI10+1 -> 46104 | ABN10: =+TEXT(ABO10,"dddd") -> martes | ABO10: =+ABL10+1 -> 46105 | ABQ10: =+TEXT(ABR10,"dddd") -> miércoles | ABR10: =+ABO10+1 -> 46106 | ABT10: =+TEXT(ABU10,"dddd") -> jueves | ABU10: =+ABR10+1 -> 46107 | ABW10: =+TEXT(ABX10,"dddd") -> viernes | ABX10: =+ABU10+1 -> 46108 | ABZ10: =+TEXT(ACA10,"dddd") -> sábado | ACA10: =+ABX10+1 -> 46109 | ACC10: =+TEXT(ACD10,"dddd") -> domingo | ACD10: =+ACA10+1 -> 46110 | ACF10: LUNES | ACG10: =+ACD10+1 -> 46111 | ACI10: MARTES | ACJ10: =+ACG10+1 -> 46112 | ACL10: MIERCOLES | ACM10: =+ACJ10+1 -> 46113 | ACO10: JUEVES | ACP10: =+ACM10+1 -> 46114 | ACR10: VIERNES | ACS10: =+ACP10+1 -> 46115 | ACU10: SABADO | ACV10: =+ACS10+1 -> 46116 | ACX10: DOMINGO | ACY10: =+ACV10+1 -> 46117 | ADA10: =+TEXT(ADB10,"dddd") -> lunes | ADB10: =+ACY10+1 -> 46118 | ADD10: =+TEXT(ADE10,"dddd") -> martes | ADE10: =+ADB10+1 -> 46119 | ADG10: =+TEXT(ADH10,"dddd") -> miércoles | ADH10: =+ADE10+1 -> 46120 | ADJ10: =+TEXT(ADK10,"dddd") -> jueves | ADK10: =+ADH10+1 -> 46121 | ADM10: =+TEXT(ADN10,"dddd") -> viernes | ADN10: =+ADK10+1 -> 46122 | ADP10: =+TEXT(ADQ10,"dddd") -> sábado | ADQ10: =+ADN10+1 -> 46123 | ADS10: =+TEXT(ADT10,"dddd") -> domingo | ADT10: =+ADQ10+1 -> 46124 | ADV10: =+TEXT(ADW10,"dddd") -> lunes | ADW10: =+ADT10+1 -> 46125 | ADY10: =+TEXT(ADZ10,"dddd") -> martes | ADZ10: =+ADW10+1 -> 46126 | AEB10: =+TEXT(AEC10,"dddd") -> miércoles | AEC10: =+ADZ10+1 -> 46127 | AEE10: =+TEXT(AEF10,"dddd") -> jueves | AEF10: =+AEC10+1 -> 46128 | AEH10: =+TEXT(AEI10,"dddd") -> viernes | AEI10: =+AEF10+1 -> 46129 | AEK10: =+TEXT(AEL10,"dddd") -> sábado | AEL10: =+AEI10+1 -> 46130 | AEN10: =+TEXT(AEO10,"dddd") -> domingo | AEO10: =+AEL10+1 -> 46131 | AEQ10: =+TEXT(AER10,"dddd") -> lunes | AER10: =+AEO10+1 -> 46132 | AET10: =+TEXT(AEU10,"dddd") -> martes | AEU10: =+AER10+1 -> 46133 | AEW10: =+TEXT(AEX10,"dddd") -> miércoles | AEX10: =+AEU10+1 -> 46134 | AEZ10: =+TEXT(AFA10,"dddd") -> jueves | AFA10: =+AEX10+1 -> 46135 | AFC10: =+TEXT(AFD10,"dddd") -> viernes | AFD10: =+AFA10+1 -> 46136 | AFF10: =+TEXT(AFG10,"dddd") -> sábado | AFG10: =+AFD10+1 -> 46137 | AFI10: =+TEXT(AFJ10,"dddd") -> domingo | AFJ10: =+AFG10+1 -> 46138 | AFL10: =+TEXT(AFM10,"dddd") -> lunes | AFM10: =+AFJ10+1 -> 46139 | AFO10: =+TEXT(AFP10,"dddd") -> martes | AFP10: =+AFM10+1 -> 46140 | AFR10: =+TEXT(AFS10,"dddd") -> miércoles | AFS10: =+AFP10+1 -> 46141 | AFU10: =+TEXT(AFV10,"dddd") -> jueves | AFV10: =+AFS10+1 -> 46142 | AFX10: =+TEXT(AFY10,"dddd") -> viernes | AFY10: =+AFV10+1 -> 46143 | AGA10: =+TEXT(AGB10,"dddd") -> sábado | AGB10: =+AFY10+1 -> 46144 | AGD10: =+TEXT(AGE10,"dddd") -> domingo | AGE10: =+AGB10+1 -> 46145 | AGG10: =+TEXT(AGH10,"dddd") -> lunes | AGH10: =+AGE10+1 -> 46146 | AGJ10: =+TEXT(AGK10,"dddd") -> martes | AGK10: =+AGH10+1 -> 46147 | AGM10: =+TEXT(AGN10,"dddd") -> miércoles | AGN10: =+AGK10+1 -> 46148 | AGP10: =+TEXT(AGQ10,"dddd") -> jueves | AGQ10: =+AGN10+1 -> 46149 | AGS10: =+TEXT(AGT10,"dddd") -> viernes | AGT10: =+AGQ10+1 -> 46150 | AGV10: =+TEXT(AGW10,"dddd") -> sábado | AGW10: =+AGT10+1 -> 46151 | AGY10: =+TEXT(AGZ10,"dddd") -> domingo | AGZ10: =+AGW10+1 -> 46152 | AHB10: =+TEXT(AHC10,"dddd") -> lunes | AHC10: =+AGZ10+1 -> 46153 | AHE10: =+TEXT(AHF10,"dddd") -> martes | AHF10: =+AHC10+1 -> 46154 | AHH10: =+TEXT(AHI10,"dddd") -> miércoles | AHI10: =+AHF10+1 -> 46155 | AHK10: =+TEXT(AHL10,"dddd") -> jueves | AHL10: =+AHI10+1 -> 46156 | AHN10: =+TEXT(AHO10,"dddd") -> viernes | AHO10: =+AHL10+1 -> 46157 | AHQ10: =+TEXT(AHR10,"dddd") -> sábado | AHR10: =+AHO10+1 -> 46158 | AHT10: =+TEXT(AHU10,"dddd") -> domingo | AHU10: =+AHR10+1 -> 46159 | AHW10: =+TEXT(AHX10,"dddd") -> lunes | AHX10: =+AHU10+1 -> 46160 | AHZ10: =+TEXT(AIA10,"dddd") -> martes | AIA10: =+AHX10+1 -> 46161 | AIC10: =+TEXT(AID10,"dddd") -> miércoles | AID10: =+AIA10+1 -> 46162 | AIF10: =+TEXT(AIG10,"dddd") -> jueves | AIG10: =+AID10+1 -> 46163 | AII10: =+TEXT(AIJ10,"dddd") -> viernes | AIJ10: =+AIG10+1 -> 46164 | AIL10: =+TEXT(AIM10,"dddd") -> sábado | AIM10: =+AIJ10+1 -> 46165 | AIO10: =+TEXT(AIP10,"dddd") -> domingo | AIP10: =+AIM10+1 -> 46166 | AIR10: =+TEXT(AIS10,"dddd") -> lunes | AIS10: =+AIP10+1 -> 46167 | AIU10: =+TEXT(AIV10,"dddd") -> martes | AIV10: =+AIS10+1 -> 46168 | AIX10: =+TEXT(AIY10,"dddd") -> miércoles | AIY10: =+AIV10+1 -> 46169 | AJA10: =+TEXT(AJB10,"dddd") -> jueves | AJB10: =+AIY10+1 -> 46170 | AJD10: =+TEXT(AJE10,"dddd") -> viernes | AJE10: =+AJB10+1 -> 46171 | AJG10: =+TEXT(AJH10,"dddd") -> sábado | AJH10: =+AJE10+1 -> 46172 | AJJ10: =+TEXT(AJK10,"dddd") -> domingo | AJK10: =+AJH10+1 -> 46173 | AJM10: =+TEXT(AJN10,"dddd") -> lunes | AJN10: =+AJK10+1 -> 46174 | AJP10: =+TEXT(AJQ10,"dddd") -> martes | AJQ10: =+AJN10+1 -> 46175 | AJS10: =+TEXT(AJT10,"dddd") -> miércoles | AJT10: =+AJQ10+1 -> 46176 | AJV10: =+TEXT(AJW10,"dddd") -> jueves | AJW10: =+AJT10+1 -> 46177 | AJY10: =+TEXT(AJZ10,"dddd") -> viernes | AJZ10: =+AJW10+1 -> 46178 | AKB10: =+TEXT(AKC10,"dddd") -> sábado | AKC10: =+AJZ10+1 -> 46179 | AKE10: =+TEXT(AKF10,"dddd") -> domingo | AKF10: =+AKC10+1 -> 46180 | AKH10: =+TEXT(AKI10,"dddd") -> lunes | AKI10: =+AKF10+1 -> 46181 | AKK10: =+TEXT(AKL10,"dddd") -> martes | AKL10: =+AKI10+1 -> 46182 | AKN10: =+TEXT(AKO10,"dddd") -> miércoles | AKO10: =+AKL10+1 -> 46183 | AKQ10: =+TEXT(AKR10,"dddd") -> jueves | AKR10: =+AKO10+1 -> 46184 | AKT10: =+TEXT(AKU10,"dddd") -> viernes | AKU10: =+AKR10+1 -> 46185 | AKW10: =+TEXT(AKX10,"dddd") -> sábado | AKX10: =+AKU10+1 -> 46186 | AKZ10: =+TEXT(ALA10,"dddd") -> domingo | ALA10: =+AKX10+1 -> 46187 | ALC10: =+TEXT(ALD10,"dddd") -> lunes | ALD10: =+ALA10+1 -> 46188 | ALF10: =+TEXT(ALG10,"dddd") -> martes | ALG10: =+ALD10+1 -> 46189 | ALI10: =+TEXT(ALJ10,"dddd") -> miércoles | ALJ10: =+ALG10+1 -> 46190 | ALL10: =+TEXT(ALM10,"dddd") -> jueves | ALM10: =+ALJ10+1 -> 46191 | ALO10: =+TEXT(ALP10,"dddd") -> viernes | ALP10: =+ALM10+1 -> 46192 | ALR10: =+TEXT(ALS10,"dddd") -> sábado | ALS10: =+ALP10+1 -> 46193 | ALU10: =+TEXT(ALV10,"dddd") -> domingo | ALV10: =+ALS10+1 -> 46194
B11: 0951861798 | C11: B | D11: ARELLANO VITE VICTOR JOEL | G11: 5 | H11: =IF(G11="","",+IF(ISERROR(VLOOKUP(G11,Validaciones!$D$13:$E$41,2,FALSE)),"NO DATA",VLOOKUP('Horario linea de latas'!G11,Validaciones!$D$13:$E$41,2,FALSE))) -> 15:30 - 00:30 | I11: Modulfill | J11: 5 | K11: =IF(J11="","",+IF(ISERROR(VLOOKUP(J11,Validaciones!$D$13:$E$41,2,FALSE)),"NO DATA",VLOOKUP('Horario linea de latas'!J11,Validaciones!$D$13:$E$41,2,FALSE))) -> 15:30 - 00:30 | L11: Modulfill | M11: 5 | N11: =IF(M11="","",+IF(ISERROR(VLOOKUP(M11,Validaciones!$D$13:$E$41,2,FALSE)),"NO DATA",VLOOKUP('Horario linea de latas'!M11,Validaciones!$D$13:$E$41,2,FALSE))) -> 15:30 - 00:30 | O11: Modulfill | P11: 0 | Q11: =IF(P11="","",+IF(ISERROR(VLOOKUP(P11,Validaciones!$D$13:$E$41,2,FALSE)),"NO DATA",VLOOKUP('Horario linea de latas'!P11,Validaciones!$D$13:$E$41,2,FALSE))) -> Descanso | S11: 0 | T11: =IF(S11="","",+IF(ISERROR(VLOOKUP(S11,Validaciones!$D$13:$E$41,2,FALSE)),"NO DATA",VLOOKUP('Horario linea de latas'!S11,Validaciones!$D$13:$E$41,2,FALSE))) -> Descanso | V11: 0 | W11: =IF(V11="","",+IF(ISERROR(VLOOKUP(V11,Validaciones!$D$13:$E$41,2,FALSE)),"NO DATA",VLOOKUP('Horario linea de latas'!V11,Validaciones!$D$13:$E$41,2,FALSE))) -> Descanso | Y11: 0 | Z11: =IF(Y11="","",+IF(ISERROR(VLOOKUP(Y11,Validaciones!$D$13:$E$41,2,FALSE)),"NO DATA",VLOOKUP('Horario linea de latas'!Y11,Validaciones!$D$13:$E$41,2,FALSE))) -> Descanso | AB11: 1 | AC11: =IF(AB11="","",+IF(ISERROR(VLOOKUP(AB11,Validaciones!$D$13:$E$41,2,FALSE)),"NO DATA",VLOOKUP('Horario linea de latas'!AB11,Validaciones!$D$13:$E$41,2,FALSE))) -> 07:30 - 16:30 | AD11: Modulfill | AE11: 1 | AF11: =IF(AE11="","",+IF(ISERROR(VLOOKUP(AE11,Validaciones!$D$13:$E$41,2,FALSE)),"NO DATA",VLOOKUP('Horario linea de latas'!AE11,Validaciones!$D$13:$E$41,2,FALSE))) -> 07:30 - 16:30 | AG11: Modulfill | AH11: 1 | AI11: =IF(AH11="","",+IF(ISERROR(VLOOKUP(AH11,Validaciones!$D$13:$E$41,2,FALSE)),"NO DATA",VLOOKUP('Horario linea de latas'!AH11,Validaciones!$D$13:$E$41,2,FALSE))) -> 07:30 - 16:30 | AJ11: Modulfill | AK11: 1 | AL11: =IF(AK11="","",+IF(ISERROR(VLOOKUP(AK11,Validaciones!$D$13:$E$41,2,FALSE)),"NO DATA",VLOOKUP('Horario linea de latas'!AK11,Validaciones!$D$13:$E$41,2,FALSE))) -> 07:30 - 16:30 | AM11: Modulfill | AN11: 1 | AO11: =IF(AN11="","",+IF(ISERROR(VLOOKUP(AN11,Validaciones!$D$13:$E$41,2,FALSE)),"NO DATA",VLOOKUP('Horario linea de latas'!AN11,Validaciones!$D$13:$E$41,2,FALSE))) -> 07:30 - 16:30 | AP11: Modulfill | AQ11: 9 | AR11: =IF(AQ11="","",+IF(ISERROR(VLOOKUP(AQ11,Validaciones!$D$13:$E$41,2,FALSE)),"NO DATA",VLOOKUP('Horario linea de latas'!AQ11,Validaciones!$D$13:$E$41,2,FALSE))) -> 23:30 - 08:30 | AS11: Modulfill | AT11: 7 | AU11: =IF(AT11="","",+IF(ISERROR(VLOOKUP(AT11,Validaciones!$D$13:$E$41,2,FALSE)),"NO DATA",VLOOKUP('Horario linea de latas'!AT11,Validaciones!$D$13:$E$41,2,FALSE))) -> 19:30 - 08:30 | AV11: Modulfill | AW11: 7 | AX11: =IF(AW11="","",+IF(ISERROR(VLOOKUP(AW11,Validaciones!$D$13:$E$41,2,FALSE)),"NO DATA",VLOOKUP('Horario linea de latas'!AW11,Validaciones!$D$13:$E$41,2,FALSE))) -> 19:30 - 08:30 | AY11: Modulfill | AZ11: 9 | BA11: =IF(AZ11="","",+IF(ISERROR(VLOOKUP(AZ11,Validaciones!$D$13:$E$41,2,FALSE)),"NO DATA",VLOOKUP('Horario linea de latas'!AZ11,Validaciones!$D$13:$E$41,2,FALSE))) -> 23:30 - 08:30 | BB11: Modulfill | BC11: 9 | BD11: =IF(BC11="","",+IF(ISERROR(VLOOKUP(BC11,Validaciones!$D$13:$E$41,2,FALSE)),"NO DATA",VLOOKUP('Horario linea de latas'!BC11,Validaciones!$D$13:$E$41,2,FALSE))) -> 23:30 - 08:30 | BE11: Modulfill | BF11: 9 | BG11: =IF(BF11="","",+IF(ISERROR(VLOOKUP(BF11,Validaciones!$D$13:$E$41,2,FALSE)),"NO DATA",VLOOKUP('Horario linea de latas'!BF11,Validaciones!$D$13:$E$41,2,FALSE))) -> 23:30 - 08:30 | BH11: Modulfill | BI11: 0 | BJ11: =IF(BI11="","",+IF(ISERROR(VLOOKUP(BI11,Validaciones!$D$13:$E$41,2,FALSE)),"NO DATA",VLOOKUP('Horario linea de latas'!BI11,Validaciones!$D$13:$E$41,2,FALSE))) -> Descanso | BL11: 0 | BM11: =IF(BL11="","",+IF(ISERROR(VLOOKUP(BL11,Validaciones!$D$13:$E$41,2,FALSE)),"NO DATA",VLOOKUP('Horario linea de latas'!BL11,Validaciones!$D$13:$E$41,2,FALSE))) -> Descanso | BO11: 0 | BP11: =IF(BO11="","",+IF(ISERROR(VLOOKUP(BO11,Validaciones!$D$13:$E$41,2,FALSE)),"NO DATA",VLOOKUP('Horario linea de latas'!BO11,Validaciones!$D$13:$E$41,2,FALSE))) -> Descanso | BR11: 5 | BS11: =IF(BR11="","",+IF(ISERROR(VLOOKUP(BR11,Validaciones!$D$13:$E$41,2,FALSE)),"NO DATA",VLOOKUP('Horario linea de latas'!BR11,Validaciones!$D$13:$E$41,2,FALSE))) -> 15:30 - 00:30 | BT11: Modulfill | BU11: 5 | BV11: =IF(BU11="","",+IF(ISERROR(VLOOKUP(BU11,Validaciones!$D$13:$E$41,2,FALSE)),"NO DATA",VLOOKUP('Horario linea de latas'!BU11,Validaciones!$D$13:$E$41,2,FALSE))) -> 15:30 - 00:30 | BW11: Modulfill | BX11: 5 | BY11: =IF(BX11="","",+IF(ISERROR(VLOOKUP(BX11,Validaciones!$D$13:$E$41,2,FALSE)),"NO DATA",VLOOKUP('Horario linea de latas'!BX11,Validaciones!$D$13:$E$41,2,FALSE))) -> 15:30 - 00:30 | BZ11: Modulfill | CA11: 5 | CB11: =IF(CA11="","",+IF(ISERROR(VLOOKUP(CA11,Validaciones!$D$13:$E$41,2,FALSE)),"NO DATA",VLOOKUP('Horario linea de latas'!CA11,Validaciones!$D$13:$E$41,2,FALSE))) -> 15:30 - 00:30 | CC11: Modulfill | CD11: 0 | CE11: =IF(CD11="","",+IF(ISERROR(VLOOKUP(CD11,Validaciones!$D$13:$E$41,2,FALSE)),"NO DATA",VLOOKUP('Horario linea de latas'!CD11,Validaciones!$D$13:$E$41,2,FALSE))) -> Descanso | CG11: 0 | CH11: =IF(CG11="","",+IF(ISERROR(VLOOKUP(CG11,Validaciones!$D$13:$E$41,2,FALSE)),"NO DATA",VLOOKUP('Horario linea de latas'!CG11,Validaciones!$D$13:$E$41,2,FALSE))) -> Descanso | CJ11: 0 | CK11: =IF(CJ11="","",+IF(ISERROR(VLOOKUP(CJ11,Validaciones!$D$13:$E$41,2,FALSE)),"NO DATA",VLOOKUP('Horario linea de latas'!CJ11,Validaciones!$D$13:$E$41,2,FALSE))) -> Descanso | CM11: 1 | CN11: =IF(CM11="","",+IF(ISERROR(VLOOKUP(CM11,Validaciones!$D$13:$E$41,2,FALSE)),"NO DATA",VLOOKUP('Horario linea de latas'!CM11,Validaciones!$D$13:$E$41,2,FALSE))) -> 07:30 - 16:30 | CO11: Modulfill | CP11: 1 | CQ11: =IF(CP11="","",+IF(ISERROR(VLOOKUP(CP11,Validaciones!$D$13:$E$41,2,FALSE)),"NO DATA",VLOOKUP('Horario linea de latas'!CP11,Validaciones!$D$13:$E$41,2,FALSE))) -> 07:30 - 16:30 | CR11: Modulfill | CS11: 1 | CT11: =IF(CS11="","",+IF(ISERROR(VLOOKUP(CS11,Validaciones!$D$13:$E$41,2,FALSE)),"NO DATA",VLOOKUP('Horario linea de latas'!CS11,Validaciones!$D$13:$E$41,2,FALSE))) -> 07:30 - 16:30 | CU11: Modulfill | CV11: 1 | CW11: =IF(CV11="","",+IF(ISERROR(VLOOKUP(CV11,Validaciones!$D$13:$E$41,2,FALSE)),"NO DATA",VLOOKUP('Horario linea de latas'!CV11,Validaciones!$D$13:$E$41,2,FALSE))) -> 07:30 - 16:30 | CX11: Modulfill | CY11: 1 | CZ11: =IF(CY11="","",+IF(ISERROR(VLOOKUP(CY11,Validaciones!$D$13:$E$41,2,FALSE)),"NO DATA",VLOOKUP('Horario linea de latas'!CY11,Validaciones!$D$13:$E$41,2,FALSE))) -> 07:30 - 16:30 | DA11: Modulfill | DB11: 0 | DC11: =IF(DB11="","",+IF(ISERROR(VLOOKUP(DB11,Validaciones!$D$13:$E$41,2,FALSE)),"NO DATA",VLOOKUP('Horario linea de latas'!DB11,Validaciones!$D$13:$E$41,2,FALSE))) -> Descanso | DE11: 7 | DF11: =IF(DE11="","",+IF(ISERROR(VLOOKUP(DE11,Validaciones!$D$13:$E$41,2,FALSE)),"NO DATA",VLOOKUP('Horario linea de latas'!DE11,Validaciones!$D$13:$E$41,2,FALSE))) -> 19:30 - 08:30 | DG11: Modulfill | DH11: 9 | DI11: =IF(DH11="","",+IF(ISERROR(VLOOKUP(DH11,Validaciones!$D$13:$E$41,2,FALSE)),"NO DATA",VLOOKUP('Horario linea de latas'!DH11,Validaciones!$D$13:$E$41,2,FALSE))) -> 23:30 - 08:30 | DJ11: Modulfill | DK11: 9 | DL11: =IF(DK11="","",+IF(ISERROR(VLOOKUP(DK11,Validaciones!$D$13:$E$41,2,FALSE)),"NO DATA",VLOOKUP('Horario linea de latas'!DK11,Validaciones!$D$13:$E$41,2,FALSE))) -> 23:30 - 08:30 | DM11: Modulfill | DN11: 9 | DO11: =IF(DN11="","",+IF(ISERROR(VLOOKUP(DN11,Validaciones!$D$13:$E$41,2,FALSE)),"NO DATA",VLOOKUP('Horario linea de latas'!DN11,Validaciones!$D$13:$E$41,2,FALSE))) -> 23:30 - 08:30 | DP11: Modulfill | DQ11: 9 | DR11: =IF(DQ11="","",+IF(ISERROR(VLOOKUP(DQ11,Validaciones!$D$13:$E$41,2,FALSE)),"NO DATA",VLOOKUP('Horario linea de latas'!DQ11,Validaciones!$D$13:$E$41,2,FALSE))) -> 23:30 - 08:30 | DS11: Modulfill | DT11: 0 | DU11: =IF(DT11="","",+IF(ISERROR(VLOOKUP(DT11,Validaciones!$D$13:$E$41,2,FALSE)),"NO DATA",VLOOKUP('Horario linea de latas'!DT11,Validaciones!$D$13:$E$41,2,FALSE))) -> Descanso | DW11: 0 | DX11: =IF(DW11="","",+IF(ISERROR(VLOOKUP(DW11,Validaciones!$D$13:$E$41,2,FALSE)),"NO DATA",VLOOKUP('Horario linea de latas'!DW11,Validaciones!$D$13:$E$41,2,FALSE))) -> Descanso | DZ11: 5 | EA11: =IF(DZ11="","",+IF(ISERROR(VLOOKUP(DZ11,Validaciones!$D$13:$E$41,2,FALSE)),"NO DATA",VLOOKUP('Horario linea de latas'!DZ11,Validaciones!$D$13:$E$41,2,FALSE))) -> 15:30 - 00:30 | EB11: PRI | EC11: 5 | ED11: =IF(EC11="","",+IF(ISERROR(VLOOKUP(EC11,Validaciones!$D$13:$E$41,2,FALSE)),"NO DATA",VLOOKUP('Horario linea de latas'!EC11,Validaciones!$D$13:$E$41,2,FALSE))) -> 15:30 - 00:30 | EE11: Modulfill | EF11: 5 | EG11: =IF(EF11="","",+IF(ISERROR(VLOOKUP(EF11,Validaciones!$D$13:$E$41,2,FALSE)),"NO DATA",VLOOKUP('Horario linea de latas'!EF11,Validaciones!$D$13:$E$41,2,FALSE))) -> 15:30 - 00:30 | EH11: Modulfill | EI11: 5 | EJ11: =IF(EI11="","",+IF(ISERROR(VLOOKUP(EI11,Validaciones!$D$13:$E$41,2,FALSE)),"NO DATA",VLOOKUP('Horario linea de latas'!EI11,Validaciones!$D$13:$E$41,2,FALSE))) -> 15:30 - 00:30 | EK11: Modulfill | EL11: 5 | EM11: =IF(EL11="","",+IF(ISERROR(VLOOKUP(EL11,Validaciones!$D$13:$E$41,2,FALSE)),"NO DATA",VLOOKUP('Horario linea de latas'!EL11,Validaciones!$D$13:$E$41,2,FALSE))) -> 15:30 - 00:30 | EN11: Modulfill | EO11: 0 | EP11: =IF(EO11="","",+IF(ISERROR(VLOOKUP(EO11,Validaciones!$D$13:$E$41,2,FALSE)),"NO DATA",VLOOKUP('Horario linea de latas'!EO11,Validaciones!$D$13:$E$41,2,FALSE))) -> Descanso | ER11: 0 | ES11: =IF(ER11="","",+IF(ISERROR(VLOOKUP(ER11,Validaciones!$D$13:$E$41,2,FALSE)),"NO DATA",VLOOKUP('Horario linea de latas'!ER11,Validaciones!$D$13:$E$41,2,FALSE))) -> Descanso | EU11: 1 | EV11: =IF(EU11="","",+IF(ISERROR(VLOOKUP(EU11,Validaciones!$D$13:$E$41,2,FALSE)),"NO DATA",VLOOKUP('Horario linea de latas'!EU11,Validaciones!$D$13:$E$41,2,FALSE))) -> 07:30 - 16:30 | EW11: Modulfill | EX11: 1 | EY11: =IF(EX11="","",+IF(ISERROR(VLOOKUP(EX11,Validaciones!$D$13:$E$41,2,FALSE)),"NO DATA",VLOOKUP('Horario linea de latas'!EX11,Validaciones!$D$13:$E$41,2,FALSE))) -> 07:30 - 16:30 | EZ11: Modulfill | FA11: 1 | FB11: =IF(FA11="","",+IF(ISERROR(VLOOKUP(FA11,Validaciones!$D$13:$E$41,2,FALSE)),"NO DATA",VLOOKUP('Horario linea de latas'!FA11,Validaciones!$D$13:$E$41,2,FALSE))) -> 07:30 - 16:30 | FC11: Modulfill | FD11: 1 | FE11: =IF(FD11="","",+IF(ISERROR(VLOOKUP(FD11,Validaciones!$D$13:$E$41,2,FALSE)),"NO DATA",VLOOKUP('Horario linea de latas'!FD11,Validaciones!$D$13:$E$41,2,FALSE))) -> 07:30 - 16:30 | FF11: Modulfill | FG11: 1 | FH11: =IF(FG11="","",+IF(ISERROR(VLOOKUP(FG11,Validaciones!$D$13:$E$41,2,FALSE)),"NO DATA",VLOOKUP('Horario linea de latas'!FG11,Validaciones!$D$13:$E$41,2,FALSE))) -> 07:30 - 16:30 | FI11: Modulfill | FJ11: 0 | FK11: =IF(FJ11="","",+IF(ISERROR(VLOOKUP(FJ11,Validaciones!$D$13:$E$41,2,FALSE)),"NO DATA",VLOOKUP('Horario linea de latas'!FJ11,Validaciones!$D$13:$E$41,2,FALSE))) -> Descanso | FM11: 0 | FN11: =IF(FM11="","",+IF(ISERROR(VLOOKUP(FM11,Validaciones!$D$13:$E$41,2,FALSE)),"NO DATA",VLOOKUP('Horario linea de latas'!FM11,Validaciones!$D$13:$E$41,2,FALSE))) -> Descanso | FP11: 1 | FQ11: =IF(FP11="","",+IF(ISERROR(VLOOKUP(FP11,Validaciones!$D$13:$E$41,2,FALSE)),"NO DATA",VLOOKUP('Horario linea de latas'!FP11,Validaciones!$D$13:$E$41,2,FALSE))) -> 07:30 - 16:30 | FR11: Modulfill | FS11: 1 | FT11: =IF(FS11="","",+IF(ISERROR(VLOOKUP(FS11,Validaciones!$D$13:$E$41,2,FALSE)),"NO DATA",VLOOKUP('Horario linea de latas'!FS11,Validaciones!$D$13:$E$41,2,FALSE))) -> 07:30 - 16:30 | FU11: Modulfill | FV11: 1 | FW11: =IF(FV11="","",+IF(ISERROR(VLOOKUP(FV11,Validaciones!$D$13:$E$41,2,FALSE)),"NO DATA",VLOOKUP('Horario linea de latas'!FV11,Validaciones!$D$13:$E$41,2,FALSE))) -> 07:30 - 16:30 | FX11: Modulfill | FY11: 1 | FZ11: =IF(FY11="","",+IF(ISERROR(VLOOKUP(FY11,Validaciones!$D$13:$E$41,2,FALSE)),"NO DATA",VLOOKUP('Horario linea de latas'!FY11,Validaciones!$D$13:$E$41,2,FALSE))) -> 07:30 - 16:30 | GA11: Modulfill | GB11: 1 | GC11: =IF(GB11="","",+IF(ISERROR(VLOOKUP(GB11,Validaciones!$D$13:$E$41,2,FALSE)),"NO DATA",VLOOKUP('Horario linea de latas'!GB11,Validaciones!$D$13:$E$41,2,FALSE))) -> 07:30 - 16:30 | GD11: Modulfill | GE11: 1 | GF11: =IF(GE11="","",+IF(ISERROR(VLOOKUP(GE11,Validaciones!$D$13:$E$41,2,FALSE)),"NO DATA",VLOOKUP('Horario linea de latas'!GE11,Validaciones!$D$13:$E$41,2,FALSE))) -> 07:30 - 16:30 | GG11: Modulfill | GH11: 0 | GI11: =IF(GH11="","",+IF(ISERROR(VLOOKUP(GH11,Validaciones!$D$13:$E$41,2,FALSE)),"NO DATA",VLOOKUP('Horario linea de latas'!GH11,Validaciones!$D$13:$E$41,2,FALSE))) -> Descanso | GK11: 0 | GL11: =IF(GK11="","",+IF(ISERROR(VLOOKUP(GK11,Validaciones!$D$13:$E$41,2,FALSE)),"NO DATA",VLOOKUP('Horario linea de latas'!GK11,Validaciones!$D$13:$E$41,2,FALSE))) -> Descanso | GN11: 5 | GO11: =IF(GN11="","",+IF(ISERROR(VLOOKUP(GN11,Validaciones!$D$13:$E$41,2,FALSE)),"NO DATA",VLOOKUP('Horario linea de latas'!GN11,Validaciones!$D$13:$E$41,2,FALSE))) -> 15:30 - 00:30 | GP11: Modulfill | GQ11: 5 | GR11: =IF(GQ11="","",+IF(ISERROR(VLOOKUP(GQ11,Validaciones!$D$13:$E$41,2,FALSE)),"NO DATA",VLOOKUP('Horario linea de latas'!GQ11,Validaciones!$D$13:$E$41,2,FALSE))) -> 15:30 - 00:30 | GS11: Modulfill | GT11: 5 | GU11: =IF(GT11="","",+IF(ISERROR(VLOOKUP(GT11,Validaciones!$D$13:$E$41,2,FALSE)),"NO DATA",VLOOKUP('Horario linea de latas'!GT11,Validaciones!$D$13:$E$41,2,FALSE))) -> 15:30 - 00:30 | GV11: Modulfill | GW11: 5 | GX11: =IF(GW11="","",+IF(ISERROR(VLOOKUP(GW11,Validaciones!$D$13:$E$41,2,FALSE)),"NO DATA",VLOOKUP('Horario linea de latas'!GW11,Validaciones!$D$13:$E$41,2,FALSE))) -> 15:30 - 00:30 | GY11: Modulfill | GZ11: 5 | HA11: =IF(GZ11="","",+IF(ISERROR(VLOOKUP(GZ11,Validaciones!$D$13:$E$41,2,FALSE)),"NO DATA",VLOOKUP('Horario linea de latas'!GZ11,Validaciones!$D$13:$E$41,2,FALSE))) -> 15:30 - 00:30 | HB11: Modulfill | HC11: 0 | HD11: =IF(HC11="","",+IF(ISERROR(VLOOKUP(HC11,Validaciones!$D$13:$E$41,2,FALSE)),"NO DATA",VLOOKUP('Horario linea de latas'!HC11,Validaciones!$D$13:$E$41,2,FALSE))) -> Descanso | HF11: 4 | HG11: =IF(HF11="","",+IF(ISERROR(VLOOKUP(HF11,Validaciones!$D$13:$E$41,2,FALSE)),"NO DATA",VLOOKUP('Horario linea de latas'!HF11,Validaciones!$D$13:$E$41,2,FALSE))) -> 07:30 - 20:30 | HH11: Modulfill | HI11: 0 | HJ11: =IF(HI11="","",+IF(ISERROR(VLOOKUP(HI11,Validaciones!$D$13:$E$41,2,FALSE)),"NO DATA",VLOOKUP('Horario linea de latas'!HI11,Validaciones!$D$13:$E$41,2,FALSE))) -> Descanso | HL11: 0 | HM11: =IF(HL11="","",+IF(ISERROR(VLOOKUP(HL11,Validaciones!$D$13:$E$41,2,FALSE)),"NO DATA",VLOOKUP('Horario linea de latas'!HL11,Validaciones!$D$13:$E$41,2,FALSE))) -> Descanso | HO11: 1 | HP11: =IF(HO11="","",+IF(ISERROR(VLOOKUP(HO11,Validaciones!$D$13:$E$41,2,FALSE)),"NO DATA",VLOOKUP('Horario linea de latas'!HO11,Validaciones!$D$13:$E$41,2,FALSE))) -> 07:30 - 16:30 | HQ11: Modulfill | HR11: 4 | HS11: =IF(HR11="","",+IF(ISERROR(VLOOKUP(HR11,Validaciones!$D$13:$E$41,2,FALSE)),"NO DATA",VLOOKUP('Horario linea de latas'!HR11,Validaciones!$D$13:$E$41,2,FALSE))) -> 07:30 - 20:30 | HT11: Modulfill | HU11: 4 | HV11: =IF(HU11="","",+IF(ISERROR(VLOOKUP(HU11,Validaciones!$D$13:$E$41,2,FALSE)),"NO DATA",VLOOKUP('Horario linea de latas'!HU11,Validaciones!$D$13:$E$41,2,FALSE))) -> 07:30 - 20:30 | HW11: Modulfill | HX11: 0 | HY11: =IF(HX11="","",+IF(ISERROR(VLOOKUP(HX11,Validaciones!$D$13:$E$41,2,FALSE)),"NO DATA",VLOOKUP('Horario linea de latas'!HX11,Validaciones!$D$13:$E$41,2,FALSE))) -> Descanso | IA11: 4 | IB11: =IF(IA11="","",+IF(ISERROR(VLOOKUP(IA11,Validaciones!$D$13:$E$41,2,FALSE)),"NO DATA",VLOOKUP('Horario linea de latas'!IA11,Validaciones!$D$13:$E$41,2,FALSE))) -> 07:30 - 20:30 | IC11: Modulfill | ID11: 1 | IE11: =IF(ID11="","",+IF(ISERROR(VLOOKUP(ID11,Validaciones!$D$13:$E$41,2,FALSE)),"NO DATA",VLOOKUP('Horario linea de latas'!ID11,Validaciones!$D$13:$E$41,2,FALSE))) -> 07:30 - 16:30 | IF11: Modulfill | IG11: 1 | IH11: =IF(IG11="","",+IF(ISERROR(VLOOKUP(IG11,Validaciones!$D$13:$E$41,2,FALSE)),"NO DATA",VLOOKUP('Horario linea de latas'!IG11,Validaciones!$D$13:$E$41,2,FALSE))) -> 07:30 - 16:30 | II11: Modulfill | IJ11: 4 | IK11: =IF(IJ11="","",+IF(ISERROR(VLOOKUP(IJ11,Validaciones!$D$13:$E$41,2,FALSE)),"NO DATA",VLOOKUP('Horario linea de latas'!IJ11,Validaciones!$D$13:$E$41,2,FALSE))) -> 07:30 - 20:30 | IL11: Modulfill | IM11: 4 | IN11: =IF(IM11="","",+IF(ISERROR(VLOOKUP(IM11,Validaciones!$D$13:$E$41,2,FALSE)),"NO DATA",VLOOKUP('Horario linea de latas'!IM11,Validaciones!$D$13:$E$41,2,FALSE))) -> 07:30 - 20:30 | IO11: Modulfill | IP11: 4 | IQ11: =IF(IP11="","",+IF(ISERROR(VLOOKUP(IP11,Validaciones!$D$13:$E$41,2,FALSE)),"NO DATA",VLOOKUP('Horario linea de latas'!IP11,Validaciones!$D$13:$E$41,2,FALSE))) -> 07:30 - 20:30 | IR11: Modulfill | IS11: 0 | IT11: =IF(IS11="","",+IF(ISERROR(VLOOKUP(IS11,Validaciones!$D$13:$E$41,2,FALSE)),"NO DATA",VLOOKUP('Horario linea de latas'!IS11,Validaciones!$D$13:$E$41,2,FALSE))) -> Descanso | IV11: 9 | IW11: =IF(IV11="","",+IF(ISERROR(VLOOKUP(IV11,Validaciones!$D$13:$E$41,2,FALSE)),"NO DATA",VLOOKUP('Horario linea de latas'!IV11,Validaciones!$D$13:$E$41,2,FALSE))) -> 23:30 - 08:30 | IX11: Modulfill | IY11: 9 | IZ11: =IF(IY11="","",+IF(ISERROR(VLOOKUP(IY11,Validaciones!$D$13:$E$41,2,FALSE)),"NO DATA",VLOOKUP('Horario linea de latas'!IY11,Validaciones!$D$13:$E$41,2,FALSE))) -> 23:30 - 08:30 | JA11: Modulfill | JB11: 9 | JC11: =IF(JB11="","",+IF(ISERROR(VLOOKUP(JB11,Validaciones!$D$13:$E$41,2,FALSE)),"NO DATA",VLOOKUP('Horario linea de latas'!JB11,Validaciones!$D$13:$E$41,2,FALSE))) -> 23:30 - 08:30 | JD11: Modulfill | JE11: 7 | JF11: =IF(JE11="","",+IF(ISERROR(VLOOKUP(JE11,Validaciones!$D$13:$E$41,2,FALSE)),"NO DATA",VLOOKUP('Horario linea de latas'!JE11,Validaciones!$D$13:$E$41,2,FALSE))) -> 19:30 - 08:30 | JG11: Modulfill | JH11: 0 | JI11: =IF(JH11="","",+IF(ISERROR(VLOOKUP(JH11,Validaciones!$D$13:$E$41,2,FALSE)),"NO DATA",VLOOKUP('Horario linea de latas'!JH11,Validaciones!$D$13:$E$41,2,FALSE))) -> Descanso | JK11: 0 | JL11: =IF(JK11="","",+IF(ISERROR(VLOOKUP(JK11,Validaciones!$D$13:$E$41,2,FALSE)),"NO DATA",VLOOKUP('Horario linea de latas'!JK11,Validaciones!$D$13:$E$41,2,FALSE))) -> Descanso | JN11: 1 | JO11: =IF(JN11="","",+IF(ISERROR(VLOOKUP(JN11,Validaciones!$D$13:$E$41,2,FALSE)),"NO DATA",VLOOKUP('Horario linea de latas'!JN11,Validaciones!$D$13:$E$41,2,FALSE))) -> 07:30 - 16:30 | JP11: Modulfill | JQ11: 4 | JR11: =IF(JQ11="","",+IF(ISERROR(VLOOKUP(JQ11,Validaciones!$D$13:$E$41,2,FALSE)),"NO DATA",VLOOKUP('Horario linea de latas'!JQ11,Validaciones!$D$13:$E$41,2,FALSE))) -> 07:30 - 20:30 | JS11: Modulfill | JT11: 5 | JU11: =IF(JT11="","",+IF(ISERROR(VLOOKUP(JT11,Validaciones!$D$13:$E$41,2,FALSE)),"NO DATA",VLOOKUP('Horario linea de latas'!JT11,Validaciones!$D$13:$E$41,2,FALSE))) -> 15:30 - 00:30 | JV11: Modulfill | JW11: 5 | JX11: =IF(JW11="","",+IF(ISERROR(VLOOKUP(JW11,Validaciones!$D$13:$E$41,2,FALSE)),"NO DATA",VLOOKUP('Horario linea de latas'!JW11,Validaciones!$D$13:$E$41,2,FALSE))) -> 15:30 - 00:30 | JY11: Modulfill | JZ11: 0 | KA11: =IF(JZ11="","",+IF(ISERROR(VLOOKUP(JZ11,Validaciones!$D$13:$E$41,2,FALSE)),"NO DATA",VLOOKUP('Horario linea de latas'!JZ11,Validaciones!$D$13:$E$41,2,FALSE))) -> Descanso | KC11: 9 | KD11: =IF(KC11="","",+IF(ISERROR(VLOOKUP(KC11,Validaciones!$D$13:$E$41,2,FALSE)),"NO DATA",VLOOKUP('Horario linea de latas'!KC11,Validaciones!$D$13:$E$41,2,FALSE))) -> 23:30 - 08:30 | KE11: Modulfill | KF11: 9 | KG11: =IF(KF11="","",+IF(ISERROR(VLOOKUP(KF11,Validaciones!$D$13:$E$41,2,FALSE)),"NO DATA",VLOOKUP('Horario linea de latas'!KF11,Validaciones!$D$13:$E$41,2,FALSE))) -> 23:30 - 08:30 | KH11: Modulfill | KI11: 0 | KJ11: =IF(KI11="","",+IF(ISERROR(VLOOKUP(KI11,Validaciones!$D$13:$E$41,2,FALSE)),"NO DATA",VLOOKUP('Horario linea de latas'!KI11,Validaciones!$D$13:$E$41,2,FALSE))) -> Descanso | KL11: 4 | KM11: =IF(KL11="","",+IF(ISERROR(VLOOKUP(KL11,Validaciones!$D$13:$E$41,2,FALSE)),"NO DATA",VLOOKUP('Horario linea de latas'!KL11,Validaciones!$D$13:$E$41,2,FALSE))) -> 07:30 - 20:30 | KN11: Modulfill | KO11: 0 | KP11: =IF(KO11="","",+IF(ISERROR(VLOOKUP(KO11,Validaciones!$D$13:$E$41,2,FALSE)),"NO DATA",VLOOKUP('Horario linea de latas'!KO11,Validaciones!$D$13:$E$41,2,FALSE))) -> Descanso | KR11: 0 | KS11: =IF(KR11="","",+IF(ISERROR(VLOOKUP(KR11,Validaciones!$D$13:$E$41,2,FALSE)),"NO DATA",VLOOKUP('Horario linea de latas'!KR11,Validaciones!$D$13:$E$41,2,FALSE))) -> Descanso | KU11: 4 | KV11: =IF(KU11="","",+IF(ISERROR(VLOOKUP(KU11,Validaciones!$D$13:$E$41,2,FALSE)),"NO DATA",VLOOKUP('Horario linea de latas'!KU11,Validaciones!$D$13:$E$41,2,FALSE))) -> 07:30 - 20:30 | KW11: Modulfill | KX11: 4 | KY11: =IF(KX11="","",+IF(ISERROR(VLOOKUP(KX11,Validaciones!$D$13:$E$41,2,FALSE)),"NO DATA",VLOOKUP('Horario linea de latas'!KX11,Validaciones!$D$13:$E$41,2,FALSE))) -> 07:30 - 20:30 | KZ11: Modulfill | LA11: 4 | LB11: =IF(LA11="","",+IF(ISERROR(VLOOKUP(LA11,Validaciones!$D$13:$E$41,2,FALSE)),"NO DATA",VLOOKUP('Horario linea de latas'!LA11,Validaciones!$D$13:$E$41,2,FALSE))) -> 07:30 - 20:30 | LC11: Modulfill | LD11: 1 | LE11: =IF(LD11="","",+IF(ISERROR(VLOOKUP(LD11,Validaciones!$D$13:$E$41,2,FALSE)),"NO DATA",VLOOKUP('Horario linea de latas'!LD11,Validaciones!$D$13:$E$41,2,FALSE))) -> 07:30 - 16:30 | LF11: Modulfill | LG11: 0 | LH11: =IF(LG11="","",+IF(ISERROR(VLOOKUP(LG11,Validaciones!$D$13:$E$41,2,FALSE)),"NO DATA",VLOOKUP('Horario linea de latas'!LG11,Validaciones!$D$13:$E$41,2,FALSE))) -> Descanso | LJ11: 1 | LK11: =IF(LJ11="","",+IF(ISERROR(VLOOKUP(LJ11,Validaciones!$D$13:$E$41,2,FALSE)),"NO DATA",VLOOKUP('Horario linea de latas'!LJ11,Validaciones!$D$13:$E$41,2,FALSE))) -> 07:30 - 16:30 | LL11: Modulfill | LM11: 1 | LN11: =IF(LM11="","",+IF(ISERROR(VLOOKUP(LM11,Validaciones!$D$13:$E$41,2,FALSE)),"NO DATA",VLOOKUP('Horario linea de latas'!LM11,Validaciones!$D$13:$E$41,2,FALSE))) -> 07:30 - 16:30 | LO11: Modulfill | LP11: 4 | LQ11: =IF(LP11="","",+IF(ISERROR(VLOOKUP(LP11,Validaciones!$D$13:$E$41,2,FALSE)),"NO DATA",VLOOKUP('Horario linea de latas'!LP11,Validaciones!$D$13:$E$41,2,FALSE))) -> 07:30 - 20:30 | LR11: Modulfill | LS11: 4 | LT11: =IF(LS11="","",+IF(ISERROR(VLOOKUP(LS11,Validaciones!$D$13:$E$41,2,FALSE)),"NO DATA",VLOOKUP('Horario linea de latas'!LS11,Validaciones!$D$13:$E$41,2,FALSE))) -> 07:30 - 20:30 | LU11: Modulfill | LV11: 4 | LW11: =IF(LV11="","",+IF(ISERROR(VLOOKUP(LV11,Validaciones!$D$13:$E$41,2,FALSE)),"NO DATA",VLOOKUP('Horario linea de latas'!LV11,Validaciones!$D$13:$E$41,2,FALSE))) -> 07:30 - 20:30 | LX11: Modulfill | LY11: 0 | LZ11: =IF(LY11="","",+IF(ISERROR(VLOOKUP(LY11,Validaciones!$D$13:$E$41,2,FALSE)),"NO DATA",VLOOKUP('Horario linea de latas'!LY11,Validaciones!$D$13:$E$41,2,FALSE))) -> Descanso | MB11: 9 | MC11: =IF(MB11="","",+IF(ISERROR(VLOOKUP(MB11,Validaciones!$D$13:$E$41,2,FALSE)),"NO DATA",VLOOKUP('Horario linea de latas'!MB11,Validaciones!$D$13:$E$41,2,FALSE))) -> 23:30 - 08:30 | MD11: Modulfill | ME11: 9 | MF11: =IF(ME11="","",+IF(ISERROR(VLOOKUP(ME11,Validaciones!$D$13:$E$41,2,FALSE)),"NO DATA",VLOOKUP('Horario linea de latas'!ME11,Validaciones!$D$13:$E$41,2,FALSE))) -> 23:30 - 08:30 | MG11: Modulfill | MH11: 9 | MI11: =IF(MH11="","",+IF(ISERROR(VLOOKUP(MH11,Validaciones!$D$13:$E$41,2,FALSE)),"NO DATA",VLOOKUP('Horario linea de latas'!MH11,Validaciones!$D$13:$E$41,2,FALSE))) -> 23:30 - 08:30 | MJ11: Modulfill | MK11: 9 | ML11: =IF(MK11="","",+IF(ISERROR(VLOOKUP(MK11,Validaciones!$D$13:$E$41,2,FALSE)),"NO DATA",VLOOKUP('Horario linea de latas'!MK11,Validaciones!$D$13:$E$41,2,FALSE))) -> 23:30 - 08:30 | MM11: Modulfill | MN11: 0 | MO11: =IF(MN11="","",+IF(ISERROR(VLOOKUP(MN11,Validaciones!$D$13:$E$41,2,FALSE)),"NO DATA",VLOOKUP('Horario linea de latas'!MN11,Validaciones!$D$13:$E$41,2,FALSE))) -> Descanso | MQ11: 0 | MR11: =IF(MQ11="","",+IF(ISERROR(VLOOKUP(MQ11,Validaciones!$D$13:$E$41,2,FALSE)),"NO DATA",VLOOKUP('Horario linea de latas'!MQ11,Validaciones!$D$13:$E$41,2,FALSE))) -> Descanso | MT11: 8 | MU11: Vacaciones | MW11: 5 | MX11: =IF(MW11="","",+IF(ISERROR(VLOOKUP(MW11,Validaciones!$D$13:$E$41,2,FALSE)),"NO DATA",VLOOKUP('Horario linea de latas'!MW11,Validaciones!$D$13:$E$41,2,FALSE))) -> 15:30 - 00:30 | MY11: Modulfill | MZ11: 5 | NA11: =IF(MZ11="","",+IF(ISERROR(VLOOKUP(MZ11,Validaciones!$D$13:$E$41,2,FALSE)),"NO DATA",VLOOKUP('Horario linea de latas'!MZ11,Validaciones!$D$13:$E$41,2,FALSE))) -> 15:30 - 00:30 | NB11: Modulfill | NC11: 5 | ND11: =IF(NC11="","",+IF(ISERROR(VLOOKUP(NC11,Validaciones!$D$13:$E$41,2,FALSE)),"NO DATA",VLOOKUP('Horario linea de latas'!NC11,Validaciones!$D$13:$E$41,2,FALSE))) -> 15:30 - 00:30 | NE11: Modulfill | NF11: 0 | NG11: =IF(NF11="","",+IF(ISERROR(VLOOKUP(NF11,Validaciones!$D$13:$E$41,2,FALSE)),"NO DATA",VLOOKUP('Horario linea de latas'!NF11,Validaciones!$D$13:$E$41,2,FALSE))) -> Descanso | NI11: 7 | NJ11: 19:30 - 08:30 | NK11: Modulfill | NL11: 7 | NM11: 19:30 - 08:30 | NN11: Modulfill | NO11: 0 | NP11: =IF(NO11="","",+IF(ISERROR(VLOOKUP(NO11,Validaciones!$D$13:$E$41,2,FALSE)),"NO DATA",VLOOKUP('Horario linea de latas'!NO11,Validaciones!$D$13:$E$41,2,FALSE))) -> Descanso | NR11: 1 | NS11: =IF(NR11="","",+IF(ISERROR(VLOOKUP(NR11,Validaciones!$D$13:$E$41,2,FALSE)),"NO DATA",VLOOKUP('Horario linea de latas'!NR11,Validaciones!$D$13:$E$41,2,FALSE))) -> 07:30 - 16:30 | NT11: Modulfill | NU11: 0 | NV11: =IF(NU11="","",+IF(ISERROR(VLOOKUP(NU11,Validaciones!$D$13:$E$41,2,FALSE)),"NO DATA",VLOOKUP('Horario linea de latas'!NU11,Validaciones!$D$13:$E$41,2,FALSE))) -> Descanso | NX11: 0 | NY11: =IF(NX11="","",+IF(ISERROR(VLOOKUP(NX11,Validaciones!$D$13:$E$41,2,FALSE)),"NO DATA",VLOOKUP('Horario linea de latas'!NX11,Validaciones!$D$13:$E$41,2,FALSE))) -> Descanso | OA11: 1 | OB11: =IF(OA11="","",+IF(ISERROR(VLOOKUP(OA11,Validaciones!$D$13:$E$41,2,FALSE)),"NO DATA",VLOOKUP('Horario linea de latas'!OA11,Validaciones!$D$13:$E$41,2,FALSE))) -> 07:30 - 16:30 | OC11: Modulfill | OD11: 1 | OE11: =IF(OD11="","",+IF(ISERROR(VLOOKUP(OD11,Validaciones!$D$13:$E$41,2,FALSE)),"NO DATA",VLOOKUP('Horario linea de latas'!OD11,Validaciones!$D$13:$E$41,2,FALSE))) -> 07:30 - 16:30 | OF11: Modulfill | OG11: 4 | OH11: 07:30 - 20:30 | OI11: Modulfill | OJ11: 1 | OK11: =IF(OJ11="","",+IF(ISERROR(VLOOKUP(OJ11,Validaciones!$D$13:$E$41,2,FALSE)),"NO DATA",VLOOKUP('Horario linea de latas'!OJ11,Validaciones!$D$13:$E$41,2,FALSE))) -> 07:30 - 16:30 | OL11: Modulfill | OM11: 0 | ON11: =IF(OM11="","",+IF(ISERROR(VLOOKUP(OM11,Validaciones!$D$13:$E$41,2,FALSE)),"NO DATA",VLOOKUP('Horario linea de latas'!OM11,Validaciones!$D$13:$E$41,2,FALSE))) -> Descanso | OP11: 1 | OQ11: =IF(OP11="","",+IF(ISERROR(VLOOKUP(OP11,Validaciones!$D$13:$E$41,2,FALSE)),"NO DATA",VLOOKUP('Horario linea de latas'!OP11,Validaciones!$D$13:$E$41,2,FALSE))) -> 07:30 - 16:30 | OR11: Modulfill | OS11: 1 | OT11: =IF(OS11="","",+IF(ISERROR(VLOOKUP(OS11,Validaciones!$D$13:$E$41,2,FALSE)),"NO DATA",VLOOKUP('Horario linea de latas'!OS11,Validaciones!$D$13:$E$41,2,FALSE))) -> 07:30 - 16:30 | OU11: Modulfill | OV11: 5 | OW11: =IF(OV11="","",+IF(ISERROR(VLOOKUP(OV11,Validaciones!$D$13:$E$41,2,FALSE)),"NO DATA",VLOOKUP('Horario linea de latas'!OV11,Validaciones!$D$13:$E$41,2,FALSE))) -> 15:30 - 00:30 | OX11: Modulfill | OY11: 5 | OZ11: =IF(OY11="","",+IF(ISERROR(VLOOKUP(OY11,Validaciones!$D$13:$E$41,2,FALSE)),"NO DATA",VLOOKUP('Horario linea de latas'!OY11,Validaciones!$D$13:$E$41,2,FALSE))) -> 15:30 - 00:30 | PA11: Modulfill | PB11: 8 | PC11: =IF(PB11="","",+IF(ISERROR(VLOOKUP(PB11,Validaciones!$D$13:$E$41,2,FALSE)),"NO DATA",VLOOKUP('Horario linea de latas'!PB11,Validaciones!$D$13:$E$41,2,FALSE))) -> Vacaciones | PE11: 0 | PF11: =IF(PE11="","",+IF(ISERROR(VLOOKUP(PE11,Validaciones!$D$13:$E$41,2,FALSE)),"NO DATA",VLOOKUP('Horario linea de latas'!PE11,Validaciones!$D$13:$E$41,2,FALSE))) -> Descanso | PH11: 9 | PI11: =IF(PH11="","",+IF(ISERROR(VLOOKUP(PH11,Validaciones!$D$13:$E$41,2,FALSE)),"NO DATA",VLOOKUP('Horario linea de latas'!PH11,Validaciones!$D$13:$E$41,2,FALSE))) -> 23:30 - 08:30 | PJ11: Modulfill | PK11: 7 | PL11: =IF(PK11="","",+IF(ISERROR(VLOOKUP(PK11,Validaciones!$D$13:$E$41,2,FALSE)),"NO DATA",VLOOKUP('Horario linea de latas'!PK11,Validaciones!$D$13:$E$41,2,FALSE))) -> 19:30 - 08:30 | PM11: Modulfill | PN11: 9 | PO11: =IF(PN11="","",+IF(ISERROR(VLOOKUP(PN11,Validaciones!$D$13:$E$41,2,FALSE)),"NO DATA",VLOOKUP('Horario linea de latas'!PN11,Validaciones!$D$13:$E$41,2,FALSE))) -> 23:30 - 08:30 | PP11: Modulfill | PQ11: 9 | PR11: =IF(PQ11="","",+IF(ISERROR(VLOOKUP(PQ11,Validaciones!$D$13:$E$41,2,FALSE)),"NO DATA",VLOOKUP('Horario linea de latas'!PQ11,Validaciones!$D$13:$E$41,2,FALSE))) -> 23:30 - 08:30 | PS11: Modulfill | PT11: 0 | PU11: =IF(PT11="","",+IF(ISERROR(VLOOKUP(PT11,Validaciones!$D$13:$E$41,2,FALSE)),"NO DATA",VLOOKUP('Horario linea de latas'!PT11,Validaciones!$D$13:$E$41,2,FALSE))) -> Descanso | PW11: 0 | PX11: =IF(PW11="","",+IF(ISERROR(VLOOKUP(PW11,Validaciones!$D$13:$E$41,2,FALSE)),"NO DATA",VLOOKUP('Horario linea de latas'!PW11,Validaciones!$D$13:$E$41,2,FALSE))) -> Descanso | PZ11: 5 | QA11: =IF(PZ11="","",+IF(ISERROR(VLOOKUP(PZ11,Validaciones!$D$13:$E$41,2,FALSE)),"NO DATA",VLOOKUP('Horario linea de latas'!PZ11,Validaciones!$D$13:$E$41,2,FALSE))) -> 15:30 - 00:30 | QB11: Modulfill | QC11: 5 | QD11: =IF(QC11="","",+IF(ISERROR(VLOOKUP(QC11,Validaciones!$D$13:$E$41,2,FALSE)),"NO DATA",VLOOKUP('Horario linea de latas'!QC11,Validaciones!$D$13:$E$41,2,FALSE))) -> 15:30 - 00:30 | QE11: Modulfill | QF11: 5 | QG11: =IF(QF11="","",+IF(ISERROR(VLOOKUP(QF11,Validaciones!$D$13:$E$41,2,FALSE)),"NO DATA",VLOOKUP('Horario linea de latas'!QF11,Validaciones!$D$13:$E$41,2,FALSE))) -> 15:30 - 00:30 | QH11: Modulfill | QI11: 5 | QJ11: =IF(QI11="","",+IF(ISERROR(VLOOKUP(QI11,Validaciones!$D$13:$E$41,2,FALSE)),"NO DATA",VLOOKUP('Horario linea de latas'!QI11,Validaciones!$D$13:$E$41,2,FALSE))) -> 15:30 - 00:30 | QK11: Modulfill | QL11: 0 | QM11: =IF(QL11="","",+IF(ISERROR(VLOOKUP(QL11,Validaciones!$D$13:$E$41,2,FALSE)),"NO DATA",VLOOKUP('Horario linea de latas'!QL11,Validaciones!$D$13:$E$41,2,FALSE))) -> Descanso | QO11: 9 | QP11: =IF(QO11="","",+IF(ISERROR(VLOOKUP(QO11,Validaciones!$D$13:$E$41,2,FALSE)),"NO DATA",VLOOKUP('Horario linea de latas'!QO11,Validaciones!$D$13:$E$41,2,FALSE))) -> 23:30 - 08:30 | QQ11: Modulfill | QR11: 8 | QS11: =IF(QR11="","",+IF(ISERROR(VLOOKUP(QR11,Validaciones!$D$13:$E$41,2,FALSE)),"NO DATA",VLOOKUP('Horario linea de latas'!QR11,Validaciones!$D$13:$E$41,2,FALSE))) -> Vacaciones | QU11: 8 | QV11: =IF(QU11="","",+IF(ISERROR(VLOOKUP(QU11,Validaciones!$D$13:$E$41,2,FALSE)),"NO DATA",VLOOKUP('Horario linea de latas'!QU11,Validaciones!$D$13:$E$41,2,FALSE))) -> Vacaciones | QX11: 8 | QY11: =IF(QX11="","",+IF(ISERROR(VLOOKUP(QX11,Validaciones!$D$13:$E$41,2,FALSE)),"NO DATA",VLOOKUP('Horario linea de latas'!QX11,Validaciones!$D$13:$E$41,2,FALSE))) -> Vacaciones | RA11: 8 | RB11: =IF(RA11="","",+IF(ISERROR(VLOOKUP(RA11,Validaciones!$D$13:$E$41,2,FALSE)),"NO DATA",VLOOKUP('Horario linea de latas'!RA11,Validaciones!$D$13:$E$41,2,FALSE))) -> Vacaciones | RC11: Modulfill | RD11: 8 | RE11: =IF(RD11="","",+IF(ISERROR(VLOOKUP(RD11,Validaciones!$D$13:$E$41,2,FALSE)),"NO DATA",VLOOKUP('Horario linea de latas'!RD11,Validaciones!$D$13:$E$41,2,FALSE))) -> Vacaciones | RF11: Modulfill | RG11: 25 | RH11: =IF(RG11="","",+IF(ISERROR(VLOOKUP(RG11,Validaciones!$D$13:$E$41,2,FALSE)),"NO DATA",VLOOKUP('Horario linea de latas'!RG11,Validaciones!$D$13:$E$41,2,FALSE))) -> Feriado | RJ11: 1 | RK11: =IF(RJ11="","",+IF(ISERROR(VLOOKUP(RJ11,Validaciones!$D$13:$E$41,2,FALSE)),"NO DATA",VLOOKUP('Horario linea de latas'!RJ11,Validaciones!$D$13:$E$41,2,FALSE))) -> 07:30 - 16:30 | RL11: Modulfill | RM11: 1 | RN11: =IF(RM11="","",+IF(ISERROR(VLOOKUP(RM11,Validaciones!$D$13:$E$41,2,FALSE)),"NO DATA",VLOOKUP('Horario linea de latas'!RM11,Validaciones!$D$13:$E$41,2,FALSE))) -> 07:30 - 16:30 | RO11: Modulfill | RP11: 5 | RQ11: =IF(RP11="","",+IF(ISERROR(VLOOKUP(RP11,Validaciones!$D$13:$E$41,2,FALSE)),"NO DATA",VLOOKUP('Horario linea de latas'!RP11,Validaciones!$D$13:$E$41,2,FALSE))) -> 15:30 - 00:30 | RR11: Modulfill | RS11: 0 | RT11: =IF(RS11="","",+IF(ISERROR(VLOOKUP(RS11,Validaciones!$D$13:$E$41,2,FALSE)),"NO DATA",VLOOKUP('Horario linea de latas'!RS11,Validaciones!$D$13:$E$41,2,FALSE))) -> Descanso | RU11: Modulfill | RV11: 5 | RW11: =IF(RV11="","",+IF(ISERROR(VLOOKUP(RV11,Validaciones!$D$13:$E$41,2,FALSE)),"NO DATA",VLOOKUP('Horario linea de latas'!RV11,Validaciones!$D$13:$E$41,2,FALSE))) -> 15:30 - 00:30 | RX11: Modulfill | RY11: 0 | RZ11: =IF(RY11="","",+IF(ISERROR(VLOOKUP(RY11,Validaciones!$D$13:$E$41,2,FALSE)),"NO DATA",VLOOKUP('Horario linea de latas'!RY11,Validaciones!$D$13:$E$41,2,FALSE))) -> Descanso | SB11: 25 | SC11: =IF(SB11="","",+IF(ISERROR(VLOOKUP(SB11,Validaciones!$D$13:$E$41,2,FALSE)),"NO DATA",VLOOKUP('Horario linea de latas'!SB11,Validaciones!$D$13:$E$41,2,FALSE))) -> Feriado | SE11: 25 | SF11: =IF(SE11="","",+IF(ISERROR(VLOOKUP(SE11,Validaciones!$D$13:$E$41,2,FALSE)),"NO DATA",VLOOKUP('Horario linea de latas'!SE11,Validaciones!$D$13:$E$41,2,FALSE))) -> Feriado | SH11: 0 | SI11: =IF(SH11="","",+IF(ISERROR(VLOOKUP(SH11,Validaciones!$D$13:$E$41,2,FALSE)),"NO DATA",VLOOKUP('Horario linea de latas'!SH11,Validaciones!$D$13:$E$41,2,FALSE))) -> Descanso | SK11: 0 | SL11: =IF(SK11="","",+IF(ISERROR(VLOOKUP(SK11,Validaciones!$D$13:$E$41,2,FALSE)),"NO DATA",VLOOKUP('Horario linea de latas'!SK11,Validaciones!$D$13:$E$41,2,FALSE))) -> Descanso | SM11: 1 | SN11: =IF(SM11="","",+IF(ISERROR(VLOOKUP(SM11,Validaciones!$D$13:$E$41,2,FALSE)),"NO DATA",VLOOKUP('Horario linea de latas'!SM11,Validaciones!$D$13:$E$41,2,FALSE))) -> 07:30 - 16:30 | SO11: Modulfill | SP11: 1 | SQ11: =IF(SP11="","",+IF(ISERROR(VLOOKUP(SP11,Validaciones!$D$13:$E$41,2,FALSE)),"NO DATA",VLOOKUP('Horario linea de latas'!SP11,Validaciones!$D$13:$E$41,2,FALSE))) -> 07:30 - 16:30 | SR11: Modulfill | SS11: 5 | ST11: =IF(SS11="","",+IF(ISERROR(VLOOKUP(SS11,Validaciones!$D$13:$E$41,2,FALSE)),"NO DATA",VLOOKUP('Horario linea de latas'!SS11,Validaciones!$D$13:$E$41,2,FALSE))) -> 15:30 - 00:30 | SU11: Modulfill | SV11: 5 | SW11: =IF(SV11="","",+IF(ISERROR(VLOOKUP(SV11,Validaciones!$D$13:$E$41,2,FALSE)),"NO DATA",VLOOKUP('Horario linea de latas'!SV11,Validaciones!$D$13:$E$41,2,FALSE))) -> 15:30 - 00:30 | SX11: Modulfill | SY11: 9 | SZ11: =IF(SY11="","",+IF(ISERROR(VLOOKUP(SY11,Validaciones!$D$13:$E$41,2,FALSE)),"NO DATA",VLOOKUP('Horario linea de latas'!SY11,Validaciones!$D$13:$E$41,2,FALSE))) -> 23:30 - 08:30 | TA11: Modulfill | TB11: 0 | TC11: =IF(TB11="","",+IF(ISERROR(VLOOKUP(TB11,Validaciones!$D$13:$E$41,2,FALSE)),"NO DATA",VLOOKUP('Horario linea de latas'!TB11,Validaciones!$D$13:$E$41,2,FALSE))) -> Descanso | TD11: Modulfill | TE11: 0 | TF11: =IF(TE11="","",+IF(ISERROR(VLOOKUP(TE11,Validaciones!$D$13:$E$41,2,FALSE)),"NO DATA",VLOOKUP('Horario linea de latas'!TE11,Validaciones!$D$13:$E$41,2,FALSE))) -> Descanso | TG11: Modulfill | TH11: 5 | TI11: =IF(TH11="","",+IF(ISERROR(VLOOKUP(TH11,Validaciones!$D$13:$E$41,2,FALSE)),"NO DATA",VLOOKUP('Horario linea de latas'!TH11,Validaciones!$D$13:$E$41,2,FALSE))) -> 15:30 - 00:30 | TJ11: Modulfill | TK11: 5 | TL11: =IF(TK11="","",+IF(ISERROR(VLOOKUP(TK11,Validaciones!$D$13:$E$41,2,FALSE)),"NO DATA",VLOOKUP('Horario linea de latas'!TK11,Validaciones!$D$13:$E$41,2,FALSE))) -> 15:30 - 00:30 | TM11: Modulfill | TN11: 9 | TO11: =IF(TN11="","",+IF(ISERROR(VLOOKUP(TN11,Validaciones!$D$13:$E$41,2,FALSE)),"NO DATA",VLOOKUP('Horario linea de latas'!TN11,Validaciones!$D$13:$E$41,2,FALSE))) -> 23:30 - 08:30 | TP11: Modulfill | TQ11: 9 | TR11: =IF(TQ11="","",+IF(ISERROR(VLOOKUP(TQ11,Validaciones!$D$13:$E$41,2,FALSE)),"NO DATA",VLOOKUP('Horario linea de latas'!TQ11,Validaciones!$D$13:$E$41,2,FALSE))) -> 23:30 - 08:30 | TS11: Modulfill | TT11: 0 | TU11: =IF(TT11="","",+IF(ISERROR(VLOOKUP(TT11,Validaciones!$D$13:$E$41,2,FALSE)),"NO DATA",VLOOKUP('Horario linea de latas'!TT11,Validaciones!$D$13:$E$41,2,FALSE))) -> Descanso | TV11: Modulfill | TW11: 0 | TX11: =IF(TW11="","",+IF(ISERROR(VLOOKUP(TW11,Validaciones!$D$13:$E$41,2,FALSE)),"NO DATA",VLOOKUP('Horario linea de latas'!TW11,Validaciones!$D$13:$E$41,2,FALSE))) -> Descanso | TY11: Modulfill | TZ11: 1 | UA11: =IF(TZ11="","",+IF(ISERROR(VLOOKUP(TZ11,Validaciones!$D$13:$E$41,2,FALSE)),"NO DATA",VLOOKUP('Horario linea de latas'!TZ11,Validaciones!$D$13:$E$41,2,FALSE))) -> 07:30 - 16:30 | UB11: Modulfill | UC11: 1 | UD11: =IF(UC11="","",+IF(ISERROR(VLOOKUP(UC11,Validaciones!$D$13:$E$41,2,FALSE)),"NO DATA",VLOOKUP('Horario linea de latas'!UC11,Validaciones!$D$13:$E$41,2,FALSE))) -> 07:30 - 16:30 | UE11: Modulfill | UF11: 1 | UG11: =IF(UF11="","",+IF(ISERROR(VLOOKUP(UF11,Validaciones!$D$13:$E$41,2,FALSE)),"NO DATA",VLOOKUP('Horario linea de latas'!UF11,Validaciones!$D$13:$E$41,2,FALSE))) -> 07:30 - 16:30 | UH11: Modulfill | UI11: 1 | UJ11: =IF(UI11="","",+IF(ISERROR(VLOOKUP(UI11,Validaciones!$D$13:$E$41,2,FALSE)),"NO DATA",VLOOKUP('Horario linea de latas'!UI11,Validaciones!$D$13:$E$41,2,FALSE))) -> 07:30 - 16:30 | UK11: Modulfill | UL11: 1 | UM11: =IF(UL11="","",+IF(ISERROR(VLOOKUP(UL11,Validaciones!$D$13:$E$41,2,FALSE)),"NO DATA",VLOOKUP('Horario linea de latas'!UL11,Validaciones!$D$13:$E$41,2,FALSE))) -> 07:30 - 16:30 | UN11: Modulfill | UO11: 12 | UP11: =IF(UO11="","",+IF(ISERROR(VLOOKUP(UO11,Validaciones!$D$13:$E$41,2,FALSE)),"NO DATA",VLOOKUP('Horario linea de latas'!UO11,Validaciones!$D$13:$E$41,2,FALSE))) -> Evento | UQ11: Modulfill | UR11: 0 | US11: =IF(UR11="","",+IF(ISERROR(VLOOKUP(UR11,Validaciones!$D$13:$E$41,2,FALSE)),"NO DATA",VLOOKUP('Horario linea de latas'!UR11,Validaciones!$D$13:$E$41,2,FALSE))) -> Descanso | UT11: Modulfill | UU11: 0 | UV11: =IF(UU11="","",+IF(ISERROR(VLOOKUP(UU11,Validaciones!$D$13:$E$41,2,FALSE)),"NO DATA",VLOOKUP('Horario linea de latas'!UU11,Validaciones!$D$13:$E$41,2,FALSE))) -> Descanso | UW11: Modulfill | UX11: 1 | UY11: =IF(UX11="","",+IF(ISERROR(VLOOKUP(UX11,Validaciones!$D$13:$E$41,2,FALSE)),"NO DATA",VLOOKUP('Horario linea de latas'!UX11,Validaciones!$D$13:$E$41,2,FALSE))) -> 07:30 - 16:30 | UZ11: Modulfill | VA11: 1 | VB11: =IF(VA11="","",+IF(ISERROR(VLOOKUP(VA11,Validaciones!$D$13:$E$41,2,FALSE)),"NO DATA",VLOOKUP('Horario linea de latas'!VA11,Validaciones!$D$13:$E$41,2,FALSE))) -> 07:30 - 16:30 | VC11: Modulfill | VD11: 1 | VE11: =IF(VD11="","",+IF(ISERROR(VLOOKUP(VD11,Validaciones!$D$13:$E$41,2,FALSE)),"NO DATA",VLOOKUP('Horario linea de latas'!VD11,Validaciones!$D$13:$E$41,2,FALSE))) -> 07:30 - 16:30 | VF11: Modulfill | VG11: 4 | VH11: =IF(VG11="","",+IF(ISERROR(VLOOKUP(VG11,Validaciones!$D$13:$E$41,2,FALSE)),"NO DATA",VLOOKUP('Horario linea de latas'!VG11,Validaciones!$D$13:$E$41,2,FALSE))) -> 07:30 - 20:30 | VI11: Modulfill | VJ11: 4 | VK11: =IF(VJ11="","",+IF(ISERROR(VLOOKUP(VJ11,Validaciones!$D$13:$E$41,2,FALSE)),"NO DATA",VLOOKUP('Horario linea de latas'!VJ11,Validaciones!$D$13:$E$41,2,FALSE))) -> 07:30 - 20:30 | VL11: Modulfill | VM11: 0 | VN11: =IF(VM11="","",+IF(ISERROR(VLOOKUP(VM11,Validaciones!$D$13:$E$41,2,FALSE)),"NO DATA",VLOOKUP('Horario linea de latas'!VM11,Validaciones!$D$13:$E$41,2,FALSE))) -> Descanso | VO11: Modulfill | VP11: 0 | VQ11: =IF(VP11="","",+IF(ISERROR(VLOOKUP(VP11,Validaciones!$D$13:$E$41,2,FALSE)),"NO DATA",VLOOKUP('Horario linea de latas'!VP11,Validaciones!$D$13:$E$41,2,FALSE))) -> Descanso | VR11: Modulfill | VS11: 1 | VT11: =IF(VS11="","",+IF(ISERROR(VLOOKUP(VS11,Validaciones!$D$13:$E$41,2,FALSE)),"NO DATA",VLOOKUP('Horario linea de latas'!VS11,Validaciones!$D$13:$E$41,2,FALSE))) -> 07:30 - 16:30 | VU11: Modulfill | VV11: 5 | VW11: =IF(VV11="","",+IF(ISERROR(VLOOKUP(VV11,Validaciones!$D$13:$E$41,2,FALSE)),"NO DATA",VLOOKUP('Horario linea de latas'!VV11,Validaciones!$D$13:$E$41,2,FALSE))) -> 15:30 - 00:30 | VX11: Modulfill | VY11: 5 | VZ11: =IF(VY11="","",+IF(ISERROR(VLOOKUP(VY11,Validaciones!$D$13:$E$41,2,FALSE)),"NO DATA",VLOOKUP('Horario linea de latas'!VY11,Validaciones!$D$13:$E$41,2,FALSE))) -> 15:30 - 00:30 | WA11: Modulfill | WB11: 0 | WC11: =IF(WB11="","",+IF(ISERROR(VLOOKUP(WB11,Validaciones!$D$13:$E$41,2,FALSE)),"NO DATA",VLOOKUP('Horario linea de latas'!WB11,Validaciones!$D$13:$E$41,2,FALSE))) -> Descanso | WD11: Modulfill | WE11: 0 | WF11: =IF(WE11="","",+IF(ISERROR(VLOOKUP(WE11,Validaciones!$D$13:$E$41,2,FALSE)),"NO DATA",VLOOKUP('Horario linea de latas'!WE11,Validaciones!$D$13:$E$41,2,FALSE))) -> Descanso | WG11: Modulfill | WH11: 1 | WI11: =IF(WH11="","",+IF(ISERROR(VLOOKUP(WH11,Validaciones!$D$13:$E$41,2,FALSE)),"NO DATA",VLOOKUP('Horario linea de latas'!WH11,Validaciones!$D$13:$E$41,2,FALSE))) -> 07:30 - 16:30 | WJ11: Modulfill | WK11: 1 | WL11: =IF(WK11="","",+IF(ISERROR(VLOOKUP(WK11,Validaciones!$D$13:$E$41,2,FALSE)),"NO DATA",VLOOKUP('Horario linea de latas'!WK11,Validaciones!$D$13:$E$41,2,FALSE))) -> 07:30 - 16:30 | WM11: Modulfill | WN11: 7 | WO11: =IF(WN11="","",+IF(ISERROR(VLOOKUP(WN11,Validaciones!$D$13:$E$41,2,FALSE)),"NO DATA",VLOOKUP('Horario linea de latas'!WN11,Validaciones!$D$13:$E$41,2,FALSE))) -> 19:30 - 08:30 | WP11: Modulfill | WQ11: 0 | WR11: =IF(WQ11="","",+IF(ISERROR(VLOOKUP(WQ11,Validaciones!$D$13:$E$41,2,FALSE)),"NO DATA",VLOOKUP('Horario linea de latas'!WQ11,Validaciones!$D$13:$E$41,2,FALSE))) -> Descanso | WS11: Modulfill | WT11: 0 | WU11: =IF(WT11="","",+IF(ISERROR(VLOOKUP(WT11,Validaciones!$D$13:$E$41,2,FALSE)),"NO DATA",VLOOKUP('Horario linea de latas'!WT11,Validaciones!$D$13:$E$41,2,FALSE))) -> Descanso | WV11: Modulfill | WW11: 5 | WX11: =IF(WW11="","",+IF(ISERROR(VLOOKUP(WW11,Validaciones!$D$13:$E$41,2,FALSE)),"NO DATA",VLOOKUP('Horario linea de latas'!WW11,Validaciones!$D$13:$E$41,2,FALSE))) -> 15:30 - 00:30 | WY11: Modulfill | WZ11: 5 | XA11: =IF(WZ11="","",+IF(ISERROR(VLOOKUP(WZ11,Validaciones!$D$13:$E$41,2,FALSE)),"NO DATA",VLOOKUP('Horario linea de latas'!WZ11,Validaciones!$D$13:$E$41,2,FALSE))) -> 15:30 - 00:30 | XB11: Modulfill | XC11: 8 | XD11: =IF(XC11="","",+IF(ISERROR(VLOOKUP(XC11,Validaciones!$D$13:$E$41,2,FALSE)),"NO DATA",VLOOKUP('Horario linea de latas'!XC11,Validaciones!$D$13:$E$41,2,FALSE))) -> Vacaciones | XE11: Modulfill | XF11: 8 | XG11: =IF(XF11="","",+IF(ISERROR(VLOOKUP(XF11,Validaciones!$D$13:$E$41,2,FALSE)),"NO DATA",VLOOKUP('Horario linea de latas'!XF11,Validaciones!$D$13:$E$41,2,FALSE))) -> Vacaciones | XH11: Modulfill | XI11: 8 | XJ11: =IF(XI11="","",+IF(ISERROR(VLOOKUP(XI11,Validaciones!$D$13:$E$41,2,FALSE)),"NO DATA",VLOOKUP('Horario linea de latas'!XI11,Validaciones!$D$13:$E$41,2,FALSE))) -> Vacaciones | XK11: Modulfill | XL11: 8 | XM11: =IF(XL11="","",+IF(ISERROR(VLOOKUP(XL11,Validaciones!$D$13:$E$41,2,FALSE)),"NO DATA",VLOOKUP('Horario linea de latas'!XL11,Validaciones!$D$13:$E$41,2,FALSE))) -> Vacaciones | XN11: Modulfill | XO11: 8 | XP11: =IF(XO11="","",+IF(ISERROR(VLOOKUP(XO11,Validaciones!$D$13:$E$41,2,FALSE)),"NO DATA",VLOOKUP('Horario linea de latas'!XO11,Validaciones!$D$13:$E$41,2,FALSE))) -> Vacaciones | XQ11: Modulfill | XR11: 9 | XS11: =IF(XR11="","",+IF(ISERROR(VLOOKUP(XR11,Validaciones!$D$13:$E$41,2,FALSE)),"NO DATA",VLOOKUP('Horario linea de latas'!XR11,Validaciones!$D$13:$E$41,2,FALSE))) -> 23:30 - 08:30 | XT11: Modulfill | XU11: 9 | XV11: =IF(XU11="","",+IF(ISERROR(VLOOKUP(XU11,Validaciones!$D$13:$E$41,2,FALSE)),"NO DATA",VLOOKUP('Horario linea de latas'!XU11,Validaciones!$D$13:$E$41,2,FALSE))) -> 23:30 - 08:30 | XW11: Modulfill | XX11: 9 | XY11: =IF(XX11="","",+IF(ISERROR(VLOOKUP(XX11,Validaciones!$D$13:$E$41,2,FALSE)),"NO DATA",VLOOKUP('Horario linea de latas'!XX11,Validaciones!$D$13:$E$41,2,FALSE))) -> 23:30 - 08:30 | XZ11: Modulfill | YA11: 0 | YB11: =IF(YA11="","",+IF(ISERROR(VLOOKUP(YA11,Validaciones!$D$13:$E$41,2,FALSE)),"NO DATA",VLOOKUP('Horario linea de latas'!YA11,Validaciones!$D$13:$E$41,2,FALSE))) -> Descanso | YC11: Modulfill | YD11: 1 | YE11: =IF(YD11="","",+IF(ISERROR(VLOOKUP(YD11,Validaciones!$D$13:$E$41,2,FALSE)),"NO DATA",VLOOKUP('Horario linea de latas'!YD11,Validaciones!$D$13:$E$41,2,FALSE))) -> 07:30 - 16:30 | YF11: Modulfill | YG11: 1 | YH11: =IF(YG11="","",+IF(ISERROR(VLOOKUP(YG11,Validaciones!$D$13:$E$41,2,FALSE)),"NO DATA",VLOOKUP('Horario linea de latas'!YG11,Validaciones!$D$13:$E$41,2,FALSE))) -> 07:30 - 16:30 | YI11: Modulfill | YJ11: 4 | YK11: =IF(YJ11="","",+IF(ISERROR(VLOOKUP(YJ11,Validaciones!$D$13:$E$41,2,FALSE)),"NO DATA",VLOOKUP('Horario linea de latas'!YJ11,Validaciones!$D$13:$E$41,2,FALSE))) -> 07:30 - 20:30 | YL11: Modulfill | YM11: 7 | YN11: =IF(YM11="","",+IF(ISERROR(VLOOKUP(YM11,Validaciones!$D$13:$E$41,2,FALSE)),"NO DATA",VLOOKUP('Horario linea de latas'!YM11,Validaciones!$D$13:$E$41,2,FALSE))) -> 19:30 - 08:30 | YO11: Modulfill | YP11: 9 | YQ11: =IF(YP11="","",+IF(ISERROR(VLOOKUP(YP11,Validaciones!$D$13:$E$41,2,FALSE)),"NO DATA",VLOOKUP('Horario linea de latas'!YP11,Validaciones!$D$13:$E$41,2,FALSE))) -> 23:30 - 08:30 | YR11: Modulfill | YS11: 0 | YT11: =IF(YS11="","",+IF(ISERROR(VLOOKUP(YS11,Validaciones!$D$13:$E$41,2,FALSE)),"NO DATA",VLOOKUP('Horario linea de latas'!YS11,Validaciones!$D$13:$E$41,2,FALSE))) -> Descanso | YU11: Modulfill | YV11: 0 | YW11: =IF(YV11="","",+IF(ISERROR(VLOOKUP(YV11,Validaciones!$D$13:$E$41,2,FALSE)),"NO DATA",VLOOKUP('Horario linea de latas'!YV11,Validaciones!$D$13:$E$41,2,FALSE))) -> Descanso | YX11: Modulfill | YY11: 5 | YZ11: =IF(YY11="","",+IF(ISERROR(VLOOKUP(YY11,Validaciones!$D$13:$E$41,2,FALSE)),"NO DATA",VLOOKUP('Horario linea de latas'!YY11,Validaciones!$D$13:$E$41,2,FALSE))) -> 15:30 - 00:30 | ZA11: Modulfill | ZB11: 5 | ZC11: =IF(ZB11="","",+IF(ISERROR(VLOOKUP(ZB11,Validaciones!$D$13:$E$41,2,FALSE)),"NO DATA",VLOOKUP('Horario linea de latas'!ZB11,Validaciones!$D$13:$E$41,2,FALSE))) -> 15:30 - 00:30 | ZD11: Modulfill | ZE11: 5 | ZF11: =IF(ZE11="","",+IF(ISERROR(VLOOKUP(ZE11,Validaciones!$D$13:$E$41,2,FALSE)),"NO DATA",VLOOKUP('Horario linea de latas'!ZE11,Validaciones!$D$13:$E$41,2,FALSE))) -> 15:30 - 00:30 | ZG11: Modulfill | ZH11: 0 | ZI11: =IF(ZH11="","",+IF(ISERROR(VLOOKUP(ZH11,Validaciones!$D$13:$E$41,2,FALSE)),"NO DATA",VLOOKUP('Horario linea de latas'!ZH11,Validaciones!$D$13:$E$41,2,FALSE))) -> Descanso | ZJ11: Modulfill | ZK11: 0 | ZL11: =IF(ZK11="","",+IF(ISERROR(VLOOKUP(ZK11,Validaciones!$D$13:$E$41,2,FALSE)),"NO DATA",VLOOKUP('Horario linea de latas'!ZK11,Validaciones!$D$13:$E$41,2,FALSE))) -> Descanso | ZM11: Modulfill | ZN11: 1 | ZO11: =IF(ZN11="","",+IF(ISERROR(VLOOKUP(ZN11,Validaciones!$D$13:$E$41,2,FALSE)),"NO DATA",VLOOKUP('Horario linea de latas'!ZN11,Validaciones!$D$13:$E$41,2,FALSE))) -> 07:30 - 16:30 | ZP11: Modulfill | ZQ11: 1 | ZR11: =IF(ZQ11="","",+IF(ISERROR(VLOOKUP(ZQ11,Validaciones!$D$13:$E$41,2,FALSE)),"NO DATA",VLOOKUP('Horario linea de latas'!ZQ11,Validaciones!$D$13:$E$41,2,FALSE))) -> 07:30 - 16:30 | ZS11: Modulfill | ZT11: 0 | ZU11: =IF(ZT11="","",+IF(ISERROR(VLOOKUP(ZT11,Validaciones!$D$13:$E$41,2,FALSE)),"NO DATA",VLOOKUP('Horario linea de latas'!ZT11,Validaciones!$D$13:$E$41,2,FALSE))) -> Descanso | ZV11: Modulfill | ZW11: 9 | ZX11: =IF(ZW11="","",+IF(ISERROR(VLOOKUP(ZW11,Validaciones!$D$13:$E$41,2,FALSE)),"NO DATA",VLOOKUP('Horario linea de latas'!ZW11,Validaciones!$D$13:$E$41,2,FALSE))) -> 23:30 - 08:30 | ZY11: Modulfill | ZZ11: 9 | AAA11: =IF(ZZ11="","",+IF(ISERROR(VLOOKUP(ZZ11,Validaciones!$D$13:$E$41,2,FALSE)),"NO DATA",VLOOKUP('Horario linea de latas'!ZZ11,Validaciones!$D$13:$E$41,2,FALSE))) -> 23:30 - 08:30 | AAB11: Modulfill | AAC11: 9 | AAD11: =IF(AAC11="","",+IF(ISERROR(VLOOKUP(AAC11,Validaciones!$D$13:$E$41,2,FALSE)),"NO DATA",VLOOKUP('Horario linea de latas'!AAC11,Validaciones!$D$13:$E$41,2,FALSE))) -> 23:30 - 08:30 | AAE11: Modulfill | AAF11: 9 | AAG11: =IF(AAF11="","",+IF(ISERROR(VLOOKUP(AAF11,Validaciones!$D$13:$E$41,2,FALSE)),"NO DATA",VLOOKUP('Horario linea de latas'!AAF11,Validaciones!$D$13:$E$41,2,FALSE))) -> 23:30 - 08:30 | AAH11: Modulfill | AAI11: 7 | AAJ11: =IF(AAI11="","",+IF(ISERROR(VLOOKUP(AAI11,Validaciones!$D$13:$E$41,2,FALSE)),"NO DATA",VLOOKUP('Horario linea de latas'!AAI11,Validaciones!$D$13:$E$41,2,FALSE))) -> 19:30 - 08:30 | AAK11: Modulfill | AAL11: 0 | AAM11: =IF(AAL11="","",+IF(ISERROR(VLOOKUP(AAL11,Validaciones!$D$13:$E$41,2,FALSE)),"NO DATA",VLOOKUP('Horario linea de latas'!AAL11,Validaciones!$D$13:$E$41,2,FALSE))) -> Descanso | AAN11: Modulfill | AAO11: 8 | AAP11: Vacaciones | AAQ11: Modulfill | AAR11: 8 | AAS11: Vacaciones | AAT11: Modulfill | AAU11: 8 | AAV11: Vacaciones | AAW11: Modulfill | AAX11: 8 | AAY11: Vacaciones | AAZ11: Modulfill | ABA11: 8 | ABB11: Vacaciones | ABC11: Modulfill | ABD11: 8 | ABE11: Vacaciones | ABF11: Modulfill | ABG11: 8 | ABH11: Vacaciones | ABI11: Modulfill | ABJ11: 7 | ABK11: 19:30 - 08:30 | ABL11: Modulfill | ABM11: 8 | ABN11: Vacaciones | ABO11: Modulfill | ABP11: 8 | ABQ11: Vacaciones | ABR11: Modulfill | ABS11: 8 | ABT11: Vacaciones | ABU11: Modulfill | ABV11: 8 | ABW11: Vacaciones | ABX11: Modulfill | ABY11: 8 | ABZ11: Vacaciones | ACA11: Modulfill | ACB11: 0 | ACC11: Descanso | ACD11: Modulfill | ACE11: 4 | ACF11: =IF(ACE11="","",+IF(ISERROR(VLOOKUP(ACE11,Validaciones!$D$13:$E$41,2,FALSE)),"NO DATA",VLOOKUP('Horario linea de latas'!ACE11,Validaciones!$D$13:$E$41,2,FALSE))) -> 07:30 - 20:30 | ACG11: Modulfill | ACH11: 4 | ACI11: =IF(ACH11="","",+IF(ISERROR(VLOOKUP(ACH11,Validaciones!$D$13:$E$41,2,FALSE)),"NO DATA",VLOOKUP('Horario linea de latas'!ACH11,Validaciones!$D$13:$E$41,2,FALSE))) -> 07:30 - 20:30 | ACJ11: Capacitación | ACK11: 5 | ACL11: =IF(ACK11="","",+IF(ISERROR(VLOOKUP(ACK11,Validaciones!$D$13:$E$41,2,FALSE)),"NO DATA",VLOOKUP('Horario linea de latas'!ACK11,Validaciones!$D$13:$E$41,2,FALSE))) -> 15:30 - 00:30 | ACM11: Modulfill | ACN11: 1 | ACO11: =IF(ACN11="","",+IF(ISERROR(VLOOKUP(ACN11,Validaciones!$D$13:$E$41,2,FALSE)),"NO DATA",VLOOKUP('Horario linea de latas'!ACN11,Validaciones!$D$13:$E$41,2,FALSE))) -> 07:30 - 16:30 | ACP11: Modulfill | ACQ11: 0 | ACR11: =IF(ACQ11="","",+IF(ISERROR(VLOOKUP(ACQ11,Validaciones!$D$13:$E$41,2,FALSE)),"NO DATA",VLOOKUP('Horario linea de latas'!ACQ11,Validaciones!$D$13:$E$41,2,FALSE))) -> Descanso | ACS11: Modulfill | ACT11: 1 | ACU11: =IF(ACT11="","",+IF(ISERROR(VLOOKUP(ACT11,Validaciones!$D$13:$E$41,2,FALSE)),"NO DATA",VLOOKUP('Horario linea de latas'!ACT11,Validaciones!$D$13:$E$41,2,FALSE))) -> 07:30 - 16:30 | ACV11: PRI | ACW11: 0 | ACX11: =IF(ACW11="","",+IF(ISERROR(VLOOKUP(ACW11,Validaciones!$D$13:$E$41,2,FALSE)),"NO DATA",VLOOKUP('Horario linea de latas'!ACW11,Validaciones!$D$13:$E$41,2,FALSE))) -> Descanso | ACY11: Modulfill | ACZ11: 7 | ADA11: =IF(ACZ11="","",+IF(ISERROR(VLOOKUP(ACZ11,Validaciones!$D$13:$E$41,2,FALSE)),"NO DATA",VLOOKUP('Horario linea de latas'!ACZ11,Validaciones!$D$13:$E$41,2,FALSE))) -> 19:30 - 08:30 | ADB11: Modulfill | ADC11: 0 | ADD11: =IF(ADC11="","",+IF(ISERROR(VLOOKUP(ADC11,Validaciones!$D$13:$E$41,2,FALSE)),"NO DATA",VLOOKUP('Horario linea de latas'!ADC11,Validaciones!$D$13:$E$41,2,FALSE))) -> Descanso | ADE11: Modulfill | ADF11: 0 | ADG11: =IF(ADF11="","",+IF(ISERROR(VLOOKUP(ADF11,Validaciones!$D$13:$E$41,2,FALSE)),"NO DATA",VLOOKUP('Horario linea de latas'!ADF11,Validaciones!$D$13:$E$41,2,FALSE))) -> Descanso | ADH11: Modulfill | ADI11: 5 | ADJ11: =IF(ADI11="","",+IF(ISERROR(VLOOKUP(ADI11,Validaciones!$D$13:$E$41,2,FALSE)),"NO DATA",VLOOKUP('Horario linea de latas'!ADI11,Validaciones!$D$13:$E$41,2,FALSE))) -> 15:30 - 00:30 | ADK11: Modulfill | ADL11: 5 | ADM11: =IF(ADL11="","",+IF(ISERROR(VLOOKUP(ADL11,Validaciones!$D$13:$E$41,2,FALSE)),"NO DATA",VLOOKUP('Horario linea de latas'!ADL11,Validaciones!$D$13:$E$41,2,FALSE))) -> 15:30 - 00:30 | ADN11: PRI | ADO11: 1 | ADP11: =IF(ADO11="","",+IF(ISERROR(VLOOKUP(ADO11,Validaciones!$D$13:$E$41,2,FALSE)),"NO DATA",VLOOKUP('Horario linea de latas'!ADO11,Validaciones!$D$13:$E$41,2,FALSE))) -> 07:30 - 16:30 | ADQ11: PRI | ADR11: 1 | ADS11: =IF(ADR11="","",+IF(ISERROR(VLOOKUP(ADR11,Validaciones!$D$13:$E$41,2,FALSE)),"NO DATA",VLOOKUP('Horario linea de latas'!ADR11,Validaciones!$D$13:$E$41,2,FALSE))) -> 07:30 - 16:30 | ADT11: PRI | ADU11: 0 | ADV11: =IF(ADU11="","",+IF(ISERROR(VLOOKUP(ADU11,Validaciones!$D$13:$E$41,2,FALSE)),"NO DATA",VLOOKUP('Horario linea de latas'!ADU11,Validaciones!$D$13:$E$41,2,FALSE))) -> Descanso | ADW11: Modulfill | ADX11: 9 | ADY11: =IF(ADX11="","",+IF(ISERROR(VLOOKUP(ADX11,Validaciones!$D$13:$E$41,2,FALSE)),"NO DATA",VLOOKUP('Horario linea de latas'!ADX11,Validaciones!$D$13:$E$41,2,FALSE))) -> 23:30 - 08:30 | ADZ11: Modulfill | AEA11: 9 | AEB11: =IF(AEA11="","",+IF(ISERROR(VLOOKUP(AEA11,Validaciones!$D$13:$E$41,2,FALSE)),"NO DATA",VLOOKUP('Horario linea de latas'!AEA11,Validaciones!$D$13:$E$41,2,FALSE))) -> 23:30 - 08:30 | AEC11: Modulfill | AED11: 9 | AEE11: =IF(AED11="","",+IF(ISERROR(VLOOKUP(AED11,Validaciones!$D$13:$E$41,2,FALSE)),"NO DATA",VLOOKUP('Horario linea de latas'!AED11,Validaciones!$D$13:$E$41,2,FALSE))) -> 23:30 - 08:30 | AEF11: Modulfill | AEG11: 9 | AEH11: =IF(AEG11="","",+IF(ISERROR(VLOOKUP(AEG11,Validaciones!$D$13:$E$41,2,FALSE)),"NO DATA",VLOOKUP('Horario linea de latas'!AEG11,Validaciones!$D$13:$E$41,2,FALSE))) -> 23:30 - 08:30 | AEI11: Modulfill | AEJ11: 7 | AEK11: =IF(AEJ11="","",+IF(ISERROR(VLOOKUP(AEJ11,Validaciones!$D$13:$E$41,2,FALSE)),"NO DATA",VLOOKUP('Horario linea de latas'!AEJ11,Validaciones!$D$13:$E$41,2,FALSE))) -> 19:30 - 08:30 | AEL11: Modulfill | AEM11: 0 | AEN11: =IF(AEM11="","",+IF(ISERROR(VLOOKUP(AEM11,Validaciones!$D$13:$E$41,2,FALSE)),"NO DATA",VLOOKUP('Horario linea de latas'!AEM11,Validaciones!$D$13:$E$41,2,FALSE))) -> Descanso | AEO11: Modulfill | AEP11: 0 | AEQ11: =IF(AEP11="","",+IF(ISERROR(VLOOKUP(AEP11,Validaciones!$D$13:$E$41,2,FALSE)),"NO DATA",VLOOKUP('Horario linea de latas'!AEP11,Validaciones!$D$13:$E$41,2,FALSE))) -> Descanso | AER11: Modulfill | AES11: 4 | AET11: =IF(AES11="","",+IF(ISERROR(VLOOKUP(AES11,Validaciones!$D$13:$E$41,2,FALSE)),"NO DATA",VLOOKUP('Horario linea de latas'!AES11,Validaciones!$D$13:$E$41,2,FALSE))) -> 07:30 - 20:30 | AEU11: Modulfill | AEV11: 1 | AEW11: =IF(AEV11="","",+IF(ISERROR(VLOOKUP(AEV11,Validaciones!$D$13:$E$41,2,FALSE)),"NO DATA",VLOOKUP('Horario linea de latas'!AEV11,Validaciones!$D$13:$E$41,2,FALSE))) -> 07:30 - 16:30 | AEX11: Modulfill | AEY11: 1 | AEZ11: =IF(AEY11="","",+IF(ISERROR(VLOOKUP(AEY11,Validaciones!$D$13:$E$41,2,FALSE)),"NO DATA",VLOOKUP('Horario linea de latas'!AEY11,Validaciones!$D$13:$E$41,2,FALSE))) -> 07:30 - 16:30 | AFA11: Modulfill | AFB11: 4 | AFC11: =IF(AFB11="","",+IF(ISERROR(VLOOKUP(AFB11,Validaciones!$D$13:$E$41,2,FALSE)),"NO DATA",VLOOKUP('Horario linea de latas'!AFB11,Validaciones!$D$13:$E$41,2,FALSE))) -> 07:30 - 20:30 | AFD11: Modulfill | AFE11: 4 | AFF11: =IF(AFE11="","",+IF(ISERROR(VLOOKUP(AFE11,Validaciones!$D$13:$E$41,2,FALSE)),"NO DATA",VLOOKUP('Horario linea de latas'!AFE11,Validaciones!$D$13:$E$41,2,FALSE))) -> 07:30 - 20:30 | AFG11: Modulfill | AFH11: 0 | AFI11: =IF(AFH11="","",+IF(ISERROR(VLOOKUP(AFH11,Validaciones!$D$13:$E$41,2,FALSE)),"NO DATA",VLOOKUP('Horario linea de latas'!AFH11,Validaciones!$D$13:$E$41,2,FALSE))) -> Descanso | AFJ11: Modulfill | AFK11: 7 | AFL11: =IF(AFK11="","",+IF(ISERROR(VLOOKUP(AFK11,Validaciones!$D$13:$E$41,2,FALSE)),"NO DATA",VLOOKUP('Horario linea de latas'!AFK11,Validaciones!$D$13:$E$41,2,FALSE))) -> 19:30 - 08:30 | AFM11: Modulfill | AFN11: 9 | AFO11: =IF(AFN11="","",+IF(ISERROR(VLOOKUP(AFN11,Validaciones!$D$13:$E$41,2,FALSE)),"NO DATA",VLOOKUP('Horario linea de latas'!AFN11,Validaciones!$D$13:$E$41,2,FALSE))) -> 23:30 - 08:30 | AFP11: Modulfill | AFQ11: 9 | AFR11: =IF(AFQ11="","",+IF(ISERROR(VLOOKUP(AFQ11,Validaciones!$D$13:$E$41,2,FALSE)),"NO DATA",VLOOKUP('Horario linea de latas'!AFQ11,Validaciones!$D$13:$E$41,2,FALSE))) -> 23:30 - 08:30 | AFS11: Modulfill | AFT11: 9 | AFU11: =IF(AFT11="","",+IF(ISERROR(VLOOKUP(AFT11,Validaciones!$D$13:$E$41,2,FALSE)),"NO DATA",VLOOKUP('Horario linea de latas'!AFT11,Validaciones!$D$13:$E$41,2,FALSE))) -> 23:30 - 08:30 | AFV11: Modulfill | AFW11: 0 | AFX11: =IF(AFW11="","",+IF(ISERROR(VLOOKUP(AFW11,Validaciones!$D$13:$E$41,2,FALSE)),"NO DATA",VLOOKUP('Horario linea de latas'!AFW11,Validaciones!$D$13:$E$41,2,FALSE))) -> Descanso | AFY11: Modulfill | AFZ11: 0 | AGA11: =IF(AFZ11="","",+IF(ISERROR(VLOOKUP(AFZ11,Validaciones!$D$13:$E$41,2,FALSE)),"NO DATA",VLOOKUP('Horario linea de latas'!AFZ11,Validaciones!$D$13:$E$41,2,FALSE))) -> Descanso | AGB11: Modulfill | AGC11: 8 | AGD11: =IF(AGC11="","",+IF(ISERROR(VLOOKUP(AGC11,Validaciones!$D$13:$E$41,2,FALSE)),"NO DATA",VLOOKUP('Horario linea de latas'!AGC11,Validaciones!$D$13:$E$41,2,FALSE))) -> Vacaciones | AGE11: Modulfill | AGH11: =IF(AGG11="","",+IF(ISERROR(VLOOKUP(AGG11,Validaciones!$D$13:$E$41,2,FALSE)),"NO DATA",VLOOKUP('Horario linea de latas'!AGG11,Validaciones!$D$13:$E$41,2,FALSE))) | AGK11: =IF(AGJ11="","",+IF(ISERROR(VLOOKUP(AGJ11,Validaciones!$D$13:$E$41,2,FALSE)),"NO DATA",VLOOKUP('Horario linea de latas'!AGJ11,Validaciones!$D$13:$E$41,2,FALSE))) | AGN11: =IF(AGM11="","",+IF(ISERROR(VLOOKUP(AGM11,Validaciones!$D$13:$E$41,2,FALSE)),"NO DATA",VLOOKUP('Horario linea de latas'!AGM11,Validaciones!$D$13:$E$41,2,FALSE))) | AGQ11: =IF(AGP11="","",+IF(ISERROR(VLOOKUP(AGP11,Validaciones!$D$13:$E$41,2,FALSE)),"NO DATA",VLOOKUP('Horario linea de latas'!AGP11,Validaciones!$D$13:$E$41,2,FALSE))) | AGT11: =IF(AGS11="","",+IF(ISERROR(VLOOKUP(AGS11,Validaciones!$D$13:$E$41,2,FALSE)),"NO DATA",VLOOKUP('Horario linea de latas'!AGS11,Validaciones!$D$13:$E$41,2,FALSE))) | AGW11: =IF(AGV11="","",+IF(ISERROR(VLOOKUP(AGV11,Validaciones!$D$13:$E$41,2,FALSE)),"NO DATA",VLOOKUP('Horario linea de latas'!AGV11,Validaciones!$D$13:$E$41,2,FALSE))) | AGZ11: =IF(AGY11="","",+IF(ISERROR(VLOOKUP(AGY11,Validaciones!$D$13:$E$41,2,FALSE)),"NO DATA",VLOOKUP('Horario linea de latas'!AGY11,Validaciones!$D$13:$E$41,2,FALSE))) | AHC11: =IF(AHB11="","",+IF(ISERROR(VLOOKUP(AHB11,Validaciones!$D$13:$E$41,2,FALSE)),"NO DATA",VLOOKUP('Horario linea de latas'!AHB11,Validaciones!$D$13:$E$41,2,FALSE))) | AHF11: =IF(AHE11="","",+IF(ISERROR(VLOOKUP(AHE11,Validaciones!$D$13:$E$41,2,FALSE)),"NO DATA",VLOOKUP('Horario linea de latas'!AHE11,Validaciones!$D$13:$E$41,2,FALSE))) | AHI11: =IF(AHH11="","",+IF(ISERROR(VLOOKUP(AHH11,Validaciones!$D$13:$E$41,2,FALSE)),"NO DATA",VLOOKUP('Horario linea de latas'!AHH11,Validaciones!$D$13:$E$41,2,FALSE))) | AHL11: =IF(AHK11="","",+IF(ISERROR(VLOOKUP(AHK11,Validaciones!$D$13:$E$41,2,FALSE)),"NO DATA",VLOOKUP('Horario linea de latas'!AHK11,Validaciones!$D$13:$E$41,2,FALSE))) | AHO11: =IF(AHN11="","",+IF(ISERROR(VLOOKUP(AHN11,Validaciones!$D$13:$E$41,2,FALSE)),"NO DATA",VLOOKUP('Horario linea de latas'!AHN11,Validaciones!$D$13:$E$41,2,FALSE))) | AHR11: =IF(AHQ11="","",+IF(ISERROR(VLOOKUP(AHQ11,Validaciones!$D$13:$E$41,2,FALSE)),"NO DATA",VLOOKUP('Horario linea de latas'!AHQ11,Validaciones!$D$13:$E$41,2,FALSE))) | AHU11: =IF(AHT11="","",+IF(ISERROR(VLOOKUP(AHT11,Validaciones!$D$13:$E$41,2,FALSE)),"NO DATA",VLOOKUP('Horario linea de latas'!AHT11,Validaciones!$D$13:$E$41,2,FALSE))) | AHX11: =IF(AHW11="","",+IF(ISERROR(VLOOKUP(AHW11,Validaciones!$D$13:$E$41,2,FALSE)),"NO DATA",VLOOKUP('Horario linea de latas'!AHW11,Validaciones!$D$13:$E$41,2,FALSE))) | AIA11: =IF(AHZ11="","",+IF(ISERROR(VLOOKUP(AHZ11,Validaciones!$D$13:$E$41,2,FALSE)),"NO DATA",VLOOKUP('Horario linea de latas'!AHZ11,Validaciones!$D$13:$E$41,2,FALSE))) | AID11: =IF(AIC11="","",+IF(ISERROR(VLOOKUP(AIC11,Validaciones!$D$13:$E$41,2,FALSE)),"NO DATA",VLOOKUP('Horario linea de latas'!AIC11,Validaciones!$D$13:$E$41,2,FALSE))) | AIG11: =IF(AIF11="","",+IF(ISERROR(VLOOKUP(AIF11,Validaciones!$D$13:$E$41,2,FALSE)),"NO DATA",VLOOKUP('Horario linea de latas'!AIF11,Validaciones!$D$13:$E$41,2,FALSE))) | AIJ11: =IF(AII11="","",+IF(ISERROR(VLOOKUP(AII11,Validaciones!$D$13:$E$41,2,FALSE)),"NO DATA",VLOOKUP('Horario linea de latas'!AII11,Validaciones!$D$13:$E$41,2,FALSE))) | AIM11: =IF(AIL11="","",+IF(ISERROR(VLOOKUP(AIL11,Validaciones!$D$13:$E$41,2,FALSE)),"NO DATA",VLOOKUP('Horario linea de latas'!AIL11,Validaciones!$D$13:$E$41,2,FALSE))) | AIP11: =IF(AIO11="","",+IF(ISERROR(VLOOKUP(AIO11,Validaciones!$D$13:$E$41,2,FALSE)),"NO DATA",VLOOKUP('Horario linea de latas'!AIO11,Validaciones!$D$13:$E$41,2,FALSE))) | AIS11: =IF(AIR11="","",+IF(ISERROR(VLOOKUP(AIR11,Validaciones!$D$13:$E$41,2,FALSE)),"NO DATA",VLOOKUP('Horario linea de latas'!AIR11,Validaciones!$D$13:$E$41,2,FALSE))) | AIV11: =IF(AIU11="","",+IF(ISERROR(VLOOKUP(AIU11,Validaciones!$D$13:$E$41,2,FALSE)),"NO DATA",VLOOKUP('Horario linea de latas'!AIU11,Validaciones!$D$13:$E$41,2,FALSE))) | AIY11: =IF(AIX11="","",+IF(ISERROR(VLOOKUP(AIX11,Validaciones!$D$13:$E$41,2,FALSE)),"NO DATA",VLOOKUP('Horario linea de latas'!AIX11,Validaciones!$D$13:$E$41,2,FALSE))) | AJB11: =IF(AJA11="","",+IF(ISERROR(VLOOKUP(AJA11,Validaciones!$D$13:$E$41,2,FALSE)),"NO DATA",VLOOKUP('Horario linea de latas'!AJA11,Validaciones!$D$13:$E$41,2,FALSE))) | AJE11: =IF(AJD11="","",+IF(ISERROR(VLOOKUP(AJD11,Validaciones!$D$13:$E$41,2,FALSE)),"NO DATA",VLOOKUP('Horario linea de latas'!AJD11,Validaciones!$D$13:$E$41,2,FALSE))) | AJH11: =IF(AJG11="","",+IF(ISERROR(VLOOKUP(AJG11,Validaciones!$D$13:$E$41,2,FALSE)),"NO DATA",VLOOKUP('Horario linea de latas'!AJG11,Validaciones!$D$13:$E$41,2,FALSE))) | AJK11: =IF(AJJ11="","",+IF(ISERROR(VLOOKUP(AJJ11,Validaciones!$D$13:$E$41,2,FALSE)),"NO DATA",VLOOKUP('Horario linea de latas'!AJJ11,Validaciones!$D$13:$E$41,2,FALSE))) | AJN11: =IF(AJM11="","",+IF(ISERROR(VLOOKUP(AJM11,Validaciones!$D$13:$E$41,2,FALSE)),"NO DATA",VLOOKUP('Horario linea de latas'!AJM11,Validaciones!$D$13:$E$41,2,FALSE))) | AJQ11: =IF(AJP11="","",+IF(ISERROR(VLOOKUP(AJP11,Validaciones!$D$13:$E$41,2,FALSE)),"NO DATA",VLOOKUP('Horario linea de latas'!AJP11,Validaciones!$D$13:$E$41,2,FALSE))) | AJT11: =IF(AJS11="","",+IF(ISERROR(VLOOKUP(AJS11,Validaciones!$D$13:$E$41,2,FALSE)),"NO DATA",VLOOKUP('Horario linea de latas'!AJS11,Validaciones!$D$13:$E$41,2,FALSE))) | AJW11: =IF(AJV11="","",+IF(ISERROR(VLOOKUP(AJV11,Validaciones!$D$13:$E$41,2,FALSE)),"NO DATA",VLOOKUP('Horario linea de latas'!AJV11,Validaciones!$D$13:$E$41,2,FALSE))) | AJZ11: =IF(AJY11="","",+IF(ISERROR(VLOOKUP(AJY11,Validaciones!$D$13:$E$41,2,FALSE)),"NO DATA",VLOOKUP('Horario linea de latas'!AJY11,Validaciones!$D$13:$E$41,2,FALSE))) | AKC11: =IF(AKB11="","",+IF(ISERROR(VLOOKUP(AKB11,Validaciones!$D$13:$E$41,2,FALSE)),"NO DATA",VLOOKUP('Horario linea de latas'!AKB11,Validaciones!$D$13:$E$41,2,FALSE))) | AKF11: =IF(AKE11="","",+IF(ISERROR(VLOOKUP(AKE11,Validaciones!$D$13:$E$41,2,FALSE)),"NO DATA",VLOOKUP('Horario linea de latas'!AKE11,Validaciones!$D$13:$E$41,2,FALSE))) | AKI11: =IF(AKH11="","",+IF(ISERROR(VLOOKUP(AKH11,Validaciones!$D$13:$E$41,2,FALSE)),"NO DATA",VLOOKUP('Horario linea de latas'!AKH11,Validaciones!$D$13:$E$41,2,FALSE))) | AKL11: =IF(AKK11="","",+IF(ISERROR(VLOOKUP(AKK11,Validaciones!$D$13:$E$41,2,FALSE)),"NO DATA",VLOOKUP('Horario linea de latas'!AKK11,Validaciones!$D$13:$E$41,2,FALSE))) | AKO11: =IF(AKN11="","",+IF(ISERROR(VLOOKUP(AKN11,Validaciones!$D$13:$E$41,2,FALSE)),"NO DATA",VLOOKUP('Horario linea de latas'!AKN11,Validaciones!$D$13:$E$41,2,FALSE))) | AKR11: =IF(AKQ11="","",+IF(ISERROR(VLOOKUP(AKQ11,Validaciones!$D$13:$E$41,2,FALSE)),"NO DATA",VLOOKUP('Horario linea de latas'!AKQ11,Validaciones!$D$13:$E$41,2,FALSE))) | AKU11: =IF(AKT11="","",+IF(ISERROR(VLOOKUP(AKT11,Validaciones!$D$13:$E$41,2,FALSE)),"NO DATA",VLOOKUP('Horario linea de latas'!AKT11,Validaciones!$D$13:$E$41,2,FALSE))) | AKX11: =IF(AKW11="","",+IF(ISERROR(VLOOKUP(AKW11,Validaciones!$D$13:$E$41,2,FALSE)),"NO DATA",VLOOKUP('Horario linea de latas'!AKW11,Validaciones!$D$13:$E$41,2,FALSE))) | ALA11: =IF(AKZ11="","",+IF(ISERROR(VLOOKUP(AKZ11,Validaciones!$D$13:$E$41,2,FALSE)),"NO DATA",VLOOKUP('Horario linea de latas'!AKZ11,Validaciones!$D$13:$E$41,2,FALSE))) | ALD11: =IF(ALC11="","",+IF(ISERROR(VLOOKUP(ALC11,Validaciones!$D$13:$E$41,2,FALSE)),"NO DATA",VLOOKUP('Horario linea de latas'!ALC11,Validaciones!$D$13:$E$41,2,FALSE))) | ALG11: =IF(ALF11="","",+IF(ISERROR(VLOOKUP(ALF11,Validaciones!$D$13:$E$41,2,FALSE)),"NO DATA",VLOOKUP('Horario linea de latas'!ALF11,Validaciones!$D$13:$E$41,2,FALSE))) | ALJ11: =IF(ALI11="","",+IF(ISERROR(VLOOKUP(ALI11,Validaciones!$D$13:$E$41,2,FALSE)),"NO DATA",VLOOKUP('Horario linea de latas'!ALI11,Validaciones!$D$13:$E$41,2,FALSE))) | ALM11: =IF(ALL11="","",+IF(ISERROR(VLOOKUP(ALL11,Validaciones!$D$13:$E$41,2,FALSE)),"NO DATA",VLOOKUP('Horario linea de latas'!ALL11,Validaciones!$D$13:$E$41,2,FALSE))) | ALP11: =IF(ALO11="","",+IF(ISERROR(VLOOKUP(ALO11,Validaciones!$D$13:$E$41,2,FALSE)),"NO DATA",VLOOKUP('Horario linea de latas'!ALO11,Validaciones!$D$13:$E$41,2,FALSE))) | ALS11: =IF(ALR11="","",+IF(ISERROR(VLOOKUP(ALR11,Validaciones!$D$13:$E$41,2,FALSE)),"NO DATA",VLOOKUP('Horario linea de latas'!ALR11,Validaciones!$D$13:$E$41,2,FALSE))) | ALV11: =IF(ALU11="","",+IF(ISERROR(VLOOKUP(ALU11,Validaciones!$D$13:$E$41,2,FALSE)),"NO DATA",VLOOKUP('Horario linea de latas'!ALU11,Validaciones!$D$13:$E$41,2,FALSE)))
B12: 0950727388 | C12: D | D12: ARGUELLO MOLINA FRANCISCO JAVIER | G12: 1 | H12: =IF(G12="","",+IF(ISERROR(VLOOKUP(G12,Validaciones!$D$13:$E$41,2,FALSE)),"NO DATA",VLOOKUP('Horario linea de latas'!G12,Validaciones!$D$13:$E$41,2,FALSE))) -> 07:30 - 16:30 | I12: Varioline | J12: 1 | K12: =IF(J12="","",+IF(ISERROR(VLOOKUP(J12,Validaciones!$D$13:$E$41,2,FALSE)),"NO DATA",VLOOKUP('Horario linea de latas'!J12,Validaciones!$D$13:$E$41,2,FALSE))) -> 07:30 - 16:30 | L12: Varioline | M12: 1 | N12: =IF(M12="","",+IF(ISERROR(VLOOKUP(M12,Validaciones!$D$13:$E$41,2,FALSE)),"NO DATA",VLOOKUP('Horario linea de latas'!M12,Validaciones!$D$13:$E$41,2,FALSE))) -> 07:30 - 16:30 | O12: Varioline | P12: 1 | Q12: =IF(P12="","",+IF(ISERROR(VLOOKUP(P12,Validaciones!$D$13:$E$41,2,FALSE)),"NO DATA",VLOOKUP('Horario linea de latas'!P12,Validaciones!$D$13:$E$41,2,FALSE))) -> 07:30 - 16:30 | R12: Varioline | S12: 0 | T12: =IF(S12="","",+IF(ISERROR(VLOOKUP(S12,Validaciones!$D$13:$E$41,2,FALSE)),"NO DATA",VLOOKUP('Horario linea de latas'!S12,Validaciones!$D$13:$E$41,2,FALSE))) -> Descanso | V12: 0 | W12: =IF(V12="","",+IF(ISERROR(VLOOKUP(V12,Validaciones!$D$13:$E$41,2,FALSE)),"NO DATA",VLOOKUP('Horario linea de latas'!V12,Validaciones!$D$13:$E$41,2,FALSE))) -> Descanso | Y12: 0 | Z12: =IF(Y12="","",+IF(ISERROR(VLOOKUP(Y12,Validaciones!$D$13:$E$41,2,FALSE)),"NO DATA",VLOOKUP('Horario linea de latas'!Y12,Validaciones!$D$13:$E$41,2,FALSE))) -> Descanso | AB12: 1 | AC12: =IF(AB12="","",+IF(ISERROR(VLOOKUP(AB12,Validaciones!$D$13:$E$41,2,FALSE)),"NO DATA",VLOOKUP('Horario linea de latas'!AB12,Validaciones!$D$13:$E$41,2,FALSE))) -> 07:30 - 16:30 | AD12: Varioline | AE12: 1 | AF12: =IF(AE12="","",+IF(ISERROR(VLOOKUP(AE12,Validaciones!$D$13:$E$41,2,FALSE)),"NO DATA",VLOOKUP('Horario linea de latas'!AE12,Validaciones!$D$13:$E$41,2,FALSE))) -> 07:30 - 16:30 | AG12: Varioline | AH12: 1 | AI12: =IF(AH12="","",+IF(ISERROR(VLOOKUP(AH12,Validaciones!$D$13:$E$41,2,FALSE)),"NO DATA",VLOOKUP('Horario linea de latas'!AH12,Validaciones!$D$13:$E$41,2,FALSE))) -> 07:30 - 16:30 | AJ12: Varioline | AK12: 1 | AL12: =IF(AK12="","",+IF(ISERROR(VLOOKUP(AK12,Validaciones!$D$13:$E$41,2,FALSE)),"NO DATA",VLOOKUP('Horario linea de latas'!AK12,Validaciones!$D$13:$E$41,2,FALSE))) -> 07:30 - 16:30 | AM12: Varioline | AN12: 1 | AO12: =IF(AN12="","",+IF(ISERROR(VLOOKUP(AN12,Validaciones!$D$13:$E$41,2,FALSE)),"NO DATA",VLOOKUP('Horario linea de latas'!AN12,Validaciones!$D$13:$E$41,2,FALSE))) -> 07:30 - 16:30 | AP12: Varioline | AQ12: 9 | AR12: =IF(AQ12="","",+IF(ISERROR(VLOOKUP(AQ12,Validaciones!$D$13:$E$41,2,FALSE)),"NO DATA",VLOOKUP('Horario linea de latas'!AQ12,Validaciones!$D$13:$E$41,2,FALSE))) -> 23:30 - 08:30 | AS12: Varioline | AT12: 9 | AU12: =IF(AT12="","",+IF(ISERROR(VLOOKUP(AT12,Validaciones!$D$13:$E$41,2,FALSE)),"NO DATA",VLOOKUP('Horario linea de latas'!AT12,Validaciones!$D$13:$E$41,2,FALSE))) -> 23:30 - 08:30 | AV12: Varioline | AW12: 9 | AX12: =IF(AW12="","",+IF(ISERROR(VLOOKUP(AW12,Validaciones!$D$13:$E$41,2,FALSE)),"NO DATA",VLOOKUP('Horario linea de latas'!AW12,Validaciones!$D$13:$E$41,2,FALSE))) -> 23:30 - 08:30 | AY12: Varioline | AZ12: 9 | BA12: =IF(AZ12="","",+IF(ISERROR(VLOOKUP(AZ12,Validaciones!$D$13:$E$41,2,FALSE)),"NO DATA",VLOOKUP('Horario linea de latas'!AZ12,Validaciones!$D$13:$E$41,2,FALSE))) -> 23:30 - 08:30 | BB12: Varioline | BC12: 9 | BD12: =IF(BC12="","",+IF(ISERROR(VLOOKUP(BC12,Validaciones!$D$13:$E$41,2,FALSE)),"NO DATA",VLOOKUP('Horario linea de latas'!BC12,Validaciones!$D$13:$E$41,2,FALSE))) -> 23:30 - 08:30 | BE12: Varioline | BF12: 9 | BG12: =IF(BF12="","",+IF(ISERROR(VLOOKUP(BF12,Validaciones!$D$13:$E$41,2,FALSE)),"NO DATA",VLOOKUP('Horario linea de latas'!BF12,Validaciones!$D$13:$E$41,2,FALSE))) -> 23:30 - 08:30 | BH12: Varioline | BI12: 0 | BJ12: =IF(BI12="","",+IF(ISERROR(VLOOKUP(BI12,Validaciones!$D$13:$E$41,2,FALSE)),"NO DATA",VLOOKUP('Horario linea de latas'!BI12,Validaciones!$D$13:$E$41,2,FALSE))) -> Descanso | BL12: 0 | BM12: =IF(BL12="","",+IF(ISERROR(VLOOKUP(BL12,Validaciones!$D$13:$E$41,2,FALSE)),"NO DATA",VLOOKUP('Horario linea de latas'!BL12,Validaciones!$D$13:$E$41,2,FALSE))) -> Descanso | BO12: 0 | BP12: =IF(BO12="","",+IF(ISERROR(VLOOKUP(BO12,Validaciones!$D$13:$E$41,2,FALSE)),"NO DATA",VLOOKUP('Horario linea de latas'!BO12,Validaciones!$D$13:$E$41,2,FALSE))) -> Descanso | BR12: 8 | BS12: =IF(BR12="","",+IF(ISERROR(VLOOKUP(BR12,Validaciones!$D$13:$E$41,2,FALSE)),"NO DATA",VLOOKUP('Horario linea de latas'!BR12,Validaciones!$D$13:$E$41,2,FALSE))) -> Vacaciones | BU12: 8 | BV12: =IF(BU12="","",+IF(ISERROR(VLOOKUP(BU12,Validaciones!$D$13:$E$41,2,FALSE)),"NO DATA",VLOOKUP('Horario linea de latas'!BU12,Validaciones!$D$13:$E$41,2,FALSE))) -> Vacaciones | BX12: 8 | BY12: =IF(BX12="","",+IF(ISERROR(VLOOKUP(BX12,Validaciones!$D$13:$E$41,2,FALSE)),"NO DATA",VLOOKUP('Horario linea de latas'!BX12,Validaciones!$D$13:$E$41,2,FALSE))) -> Vacaciones | CA12: 8 | CB12: =IF(CA12="","",+IF(ISERROR(VLOOKUP(CA12,Validaciones!$D$13:$E$41,2,FALSE)),"NO DATA",VLOOKUP('Horario linea de latas'!CA12,Validaciones!$D$13:$E$41,2,FALSE))) -> Vacaciones | CD12: 8 | CE12: =IF(CD12="","",+IF(ISERROR(VLOOKUP(CD12,Validaciones!$D$13:$E$41,2,FALSE)),"NO DATA",VLOOKUP('Horario linea de latas'!CD12,Validaciones!$D$13:$E$41,2,FALSE))) -> Vacaciones | CG12: 8 | CH12: =IF(CG12="","",+IF(ISERROR(VLOOKUP(CG12,Validaciones!$D$13:$E$41,2,FALSE)),"NO DATA",VLOOKUP('Horario linea de latas'!CG12,Validaciones!$D$13:$E$41,2,FALSE))) -> Vacaciones | CJ12: 8 | CK12: =IF(CJ12="","",+IF(ISERROR(VLOOKUP(CJ12,Validaciones!$D$13:$E$41,2,FALSE)),"NO DATA",VLOOKUP('Horario linea de latas'!CJ12,Validaciones!$D$13:$E$41,2,FALSE))) -> Vacaciones | CM12: 8 | CN12: =IF(CM12="","",+IF(ISERROR(VLOOKUP(CM12,Validaciones!$D$13:$E$41,2,FALSE)),"NO DATA",VLOOKUP('Horario linea de latas'!CM12,Validaciones!$D$13:$E$41,2,FALSE))) -> Vacaciones | CP12: 8 | CQ12: =IF(CP12="","",+IF(ISERROR(VLOOKUP(CP12,Validaciones!$D$13:$E$41,2,FALSE)),"NO DATA",VLOOKUP('Horario linea de latas'!CP12,Validaciones!$D$13:$E$41,2,FALSE))) -> Vacaciones | CS12: 8 | CT12: =IF(CS12="","",+IF(ISERROR(VLOOKUP(CS12,Validaciones!$D$13:$E$41,2,FALSE)),"NO DATA",VLOOKUP('Horario linea de latas'!CS12,Validaciones!$D$13:$E$41,2,FALSE))) -> Vacaciones | CV12: 8 | CW12: =IF(CV12="","",+IF(ISERROR(VLOOKUP(CV12,Validaciones!$D$13:$E$41,2,FALSE)),"NO DATA",VLOOKUP('Horario linea de latas'!CV12,Validaciones!$D$13:$E$41,2,FALSE))) -> Vacaciones | CY12: 8 | CZ12: =IF(CY12="","",+IF(ISERROR(VLOOKUP(CY12,Validaciones!$D$13:$E$41,2,FALSE)),"NO DATA",VLOOKUP('Horario linea de latas'!CY12,Validaciones!$D$13:$E$41,2,FALSE))) -> Vacaciones | DB12: 8 | DC12: =IF(DB12="","",+IF(ISERROR(VLOOKUP(DB12,Validaciones!$D$13:$E$41,2,FALSE)),"NO DATA",VLOOKUP('Horario linea de latas'!DB12,Validaciones!$D$13:$E$41,2,FALSE))) -> Vacaciones | DE12: 7 | DF12: =IF(DE12="","",+IF(ISERROR(VLOOKUP(DE12,Validaciones!$D$13:$E$41,2,FALSE)),"NO DATA",VLOOKUP('Horario linea de latas'!DE12,Validaciones!$D$13:$E$41,2,FALSE))) -> 19:30 - 08:30 | DG12: Varioline | DH12: 7 | DI12: =IF(DH12="","",+IF(ISERROR(VLOOKUP(DH12,Validaciones!$D$13:$E$41,2,FALSE)),"NO DATA",VLOOKUP('Horario linea de latas'!DH12,Validaciones!$D$13:$E$41,2,FALSE))) -> 19:30 - 08:30 | DJ12: Varioline | DK12: 7 | DL12: =IF(DK12="","",+IF(ISERROR(VLOOKUP(DK12,Validaciones!$D$13:$E$41,2,FALSE)),"NO DATA",VLOOKUP('Horario linea de latas'!DK12,Validaciones!$D$13:$E$41,2,FALSE))) -> 19:30 - 08:30 | DM12: Varioline | DN12: 7 | DO12: =IF(DN12="","",+IF(ISERROR(VLOOKUP(DN12,Validaciones!$D$13:$E$41,2,FALSE)),"NO DATA",VLOOKUP('Horario linea de latas'!DN12,Validaciones!$D$13:$E$41,2,FALSE))) -> 19:30 - 08:30 | DP12: Varioline | DQ12: 7 | DR12: =IF(DQ12="","",+IF(ISERROR(VLOOKUP(DQ12,Validaciones!$D$13:$E$41,2,FALSE)),"NO DATA",VLOOKUP('Horario linea de latas'!DQ12,Validaciones!$D$13:$E$41,2,FALSE))) -> 19:30 - 08:30 | DS12: Varioline | DT12: 0 | DU12: =IF(DT12="","",+IF(ISERROR(VLOOKUP(DT12,Validaciones!$D$13:$E$41,2,FALSE)),"NO DATA",VLOOKUP('Horario linea de latas'!DT12,Validaciones!$D$13:$E$41,2,FALSE))) -> Descanso | DW12: 0 | DX12: =IF(DW12="","",+IF(ISERROR(VLOOKUP(DW12,Validaciones!$D$13:$E$41,2,FALSE)),"NO DATA",VLOOKUP('Horario linea de latas'!DW12,Validaciones!$D$13:$E$41,2,FALSE))) -> Descanso | DZ12: 5 | EA12: =IF(DZ12="","",+IF(ISERROR(VLOOKUP(DZ12,Validaciones!$D$13:$E$41,2,FALSE)),"NO DATA",VLOOKUP('Horario linea de latas'!DZ12,Validaciones!$D$13:$E$41,2,FALSE))) -> 15:30 - 00:30 | EB12: PRI | EC12: 5 | ED12: =IF(EC12="","",+IF(ISERROR(VLOOKUP(EC12,Validaciones!$D$13:$E$41,2,FALSE)),"NO DATA",VLOOKUP('Horario linea de latas'!EC12,Validaciones!$D$13:$E$41,2,FALSE))) -> 15:30 - 00:30 | EE12: Varioline | EF12: 5 | EG12: =IF(EF12="","",+IF(ISERROR(VLOOKUP(EF12,Validaciones!$D$13:$E$41,2,FALSE)),"NO DATA",VLOOKUP('Horario linea de latas'!EF12,Validaciones!$D$13:$E$41,2,FALSE))) -> 15:30 - 00:30 | EH12: Varioline | EI12: 5 | EJ12: =IF(EI12="","",+IF(ISERROR(VLOOKUP(EI12,Validaciones!$D$13:$E$41,2,FALSE)),"NO DATA",VLOOKUP('Horario linea de latas'!EI12,Validaciones!$D$13:$E$41,2,FALSE))) -> 15:30 - 00:30 | EK12: Varioline | EL12: 8 | EM12: =IF(EL12="","",+IF(ISERROR(VLOOKUP(EL12,Validaciones!$D$13:$E$41,2,FALSE)),"NO DATA",VLOOKUP('Horario linea de latas'!EL12,Validaciones!$D$13:$E$41,2,FALSE))) -> Vacaciones | EO12: 0 | EP12: =IF(EO12="","",+IF(ISERROR(VLOOKUP(EO12,Validaciones!$D$13:$E$41,2,FALSE)),"NO DATA",VLOOKUP('Horario linea de latas'!EO12,Validaciones!$D$13:$E$41,2,FALSE))) -> Descanso | ER12: 0 | ES12: =IF(ER12="","",+IF(ISERROR(VLOOKUP(ER12,Validaciones!$D$13:$E$41,2,FALSE)),"NO DATA",VLOOKUP('Horario linea de latas'!ER12,Validaciones!$D$13:$E$41,2,FALSE))) -> Descanso | EU12: 4 | EV12: =IF(EU12="","",+IF(ISERROR(VLOOKUP(EU12,Validaciones!$D$13:$E$41,2,FALSE)),"NO DATA",VLOOKUP('Horario linea de latas'!EU12,Validaciones!$D$13:$E$41,2,FALSE))) -> 07:30 - 20:30 | EW12: Varioline | EX12: 4 | EY12: =IF(EX12="","",+IF(ISERROR(VLOOKUP(EX12,Validaciones!$D$13:$E$41,2,FALSE)),"NO DATA",VLOOKUP('Horario linea de latas'!EX12,Validaciones!$D$13:$E$41,2,FALSE))) -> 07:30 - 20:30 | EZ12: Varioline | FA12: 4 | FB12: =IF(FA12="","",+IF(ISERROR(VLOOKUP(FA12,Validaciones!$D$13:$E$41,2,FALSE)),"NO DATA",VLOOKUP('Horario linea de latas'!FA12,Validaciones!$D$13:$E$41,2,FALSE))) -> 07:30 - 20:30 | FC12: Varioline | FD12: 4 | FE12: =IF(FD12="","",+IF(ISERROR(VLOOKUP(FD12,Validaciones!$D$13:$E$41,2,FALSE)),"NO DATA",VLOOKUP('Horario linea de latas'!FD12,Validaciones!$D$13:$E$41,2,FALSE))) -> 07:30 - 20:30 | FF12: Varioline | FG12: 4 | FH12: =IF(FG12="","",+IF(ISERROR(VLOOKUP(FG12,Validaciones!$D$13:$E$41,2,FALSE)),"NO DATA",VLOOKUP('Horario linea de latas'!FG12,Validaciones!$D$13:$E$41,2,FALSE))) -> 07:30 - 20:30 | FI12: Varioline | FJ12: 0 | FK12: =IF(FJ12="","",+IF(ISERROR(VLOOKUP(FJ12,Validaciones!$D$13:$E$41,2,FALSE)),"NO DATA",VLOOKUP('Horario linea de latas'!FJ12,Validaciones!$D$13:$E$41,2,FALSE))) -> Descanso | FM12: 0 | FN12: =IF(FM12="","",+IF(ISERROR(VLOOKUP(FM12,Validaciones!$D$13:$E$41,2,FALSE)),"NO DATA",VLOOKUP('Horario linea de latas'!FM12,Validaciones!$D$13:$E$41,2,FALSE))) -> Descanso | FP12: 1 | FQ12: =IF(FP12="","",+IF(ISERROR(VLOOKUP(FP12,Validaciones!$D$13:$E$41,2,FALSE)),"NO DATA",VLOOKUP('Horario linea de latas'!FP12,Validaciones!$D$13:$E$41,2,FALSE))) -> 07:30 - 16:30 | FR12: Modulfill | FS12: 1 | FT12: =IF(FS12="","",+IF(ISERROR(VLOOKUP(FS12,Validaciones!$D$13:$E$41,2,FALSE)),"NO DATA",VLOOKUP('Horario linea de latas'!FS12,Validaciones!$D$13:$E$41,2,FALSE))) -> 07:30 - 16:30 | FU12: Modulfill | FV12: 1 | FW12: =IF(FV12="","",+IF(ISERROR(VLOOKUP(FV12,Validaciones!$D$13:$E$41,2,FALSE)),"NO DATA",VLOOKUP('Horario linea de latas'!FV12,Validaciones!$D$13:$E$41,2,FALSE))) -> 07:30 - 16:30 | FX12: Modulfill | FY12: 1 | FZ12: =IF(FY12="","",+IF(ISERROR(VLOOKUP(FY12,Validaciones!$D$13:$E$41,2,FALSE)),"NO DATA",VLOOKUP('Horario linea de latas'!FY12,Validaciones!$D$13:$E$41,2,FALSE))) -> 07:30 - 16:30 | GA12: Modulfill | GB12: 1 | GC12: =IF(GB12="","",+IF(ISERROR(VLOOKUP(GB12,Validaciones!$D$13:$E$41,2,FALSE)),"NO DATA",VLOOKUP('Horario linea de latas'!GB12,Validaciones!$D$13:$E$41,2,FALSE))) -> 07:30 - 16:30 | GD12: Modulfill | GE12: 0 | GF12: =IF(GE12="","",+IF(ISERROR(VLOOKUP(GE12,Validaciones!$D$13:$E$41,2,FALSE)),"NO DATA",VLOOKUP('Horario linea de latas'!GE12,Validaciones!$D$13:$E$41,2,FALSE))) -> Descanso | GH12: 0 | GI12: =IF(GH12="","",+IF(ISERROR(VLOOKUP(GH12,Validaciones!$D$13:$E$41,2,FALSE)),"NO DATA",VLOOKUP('Horario linea de latas'!GH12,Validaciones!$D$13:$E$41,2,FALSE))) -> Descanso | GK12: 1 | GL12: =IF(GK12="","",+IF(ISERROR(VLOOKUP(GK12,Validaciones!$D$13:$E$41,2,FALSE)),"NO DATA",VLOOKUP('Horario linea de latas'!GK12,Validaciones!$D$13:$E$41,2,FALSE))) -> 07:30 - 16:30 | GM12: Modulfill | GN12: 1 | GO12: =IF(GN12="","",+IF(ISERROR(VLOOKUP(GN12,Validaciones!$D$13:$E$41,2,FALSE)),"NO DATA",VLOOKUP('Horario linea de latas'!GN12,Validaciones!$D$13:$E$41,2,FALSE))) -> 07:30 - 16:30 | GP12: Modulfill | GQ12: 1 | GR12: =IF(GQ12="","",+IF(ISERROR(VLOOKUP(GQ12,Validaciones!$D$13:$E$41,2,FALSE)),"NO DATA",VLOOKUP('Horario linea de latas'!GQ12,Validaciones!$D$13:$E$41,2,FALSE))) -> 07:30 - 16:30 | GS12: Modulfill | GT12: 1 | GU12: =IF(GT12="","",+IF(ISERROR(VLOOKUP(GT12,Validaciones!$D$13:$E$41,2,FALSE)),"NO DATA",VLOOKUP('Horario linea de latas'!GT12,Validaciones!$D$13:$E$41,2,FALSE))) -> 07:30 - 16:30 | GV12: Modulfill | GW12: 1 | GX12: =IF(GW12="","",+IF(ISERROR(VLOOKUP(GW12,Validaciones!$D$13:$E$41,2,FALSE)),"NO DATA",VLOOKUP('Horario linea de latas'!GW12,Validaciones!$D$13:$E$41,2,FALSE))) -> 07:30 - 16:30 | GY12: Modulfill | GZ12: 1 | HA12: =IF(GZ12="","",+IF(ISERROR(VLOOKUP(GZ12,Validaciones!$D$13:$E$41,2,FALSE)),"NO DATA",VLOOKUP('Horario linea de latas'!GZ12,Validaciones!$D$13:$E$41,2,FALSE))) -> 07:30 - 16:30 | HB12: Modulfill | HC12: 0 | HD12: =IF(HC12="","",+IF(ISERROR(VLOOKUP(HC12,Validaciones!$D$13:$E$41,2,FALSE)),"NO DATA",VLOOKUP('Horario linea de latas'!HC12,Validaciones!$D$13:$E$41,2,FALSE))) -> Descanso | HF12: 1 | HG12: =IF(HF12="","",+IF(ISERROR(VLOOKUP(HF12,Validaciones!$D$13:$E$41,2,FALSE)),"NO DATA",VLOOKUP('Horario linea de latas'!HF12,Validaciones!$D$13:$E$41,2,FALSE))) -> 07:30 - 16:30 | HH12: Modulfill | HI12: 1 | HJ12: =IF(HI12="","",+IF(ISERROR(VLOOKUP(HI12,Validaciones!$D$13:$E$41,2,FALSE)),"NO DATA",VLOOKUP('Horario linea de latas'!HI12,Validaciones!$D$13:$E$41,2,FALSE))) -> 07:30 - 16:30 | HK12: Modulfill | HL12: 1 | HM12: =IF(HL12="","",+IF(ISERROR(VLOOKUP(HL12,Validaciones!$D$13:$E$41,2,FALSE)),"NO DATA",VLOOKUP('Horario linea de latas'!HL12,Validaciones!$D$13:$E$41,2,FALSE))) -> 07:30 - 16:30 | HN12: Modulfill | HO12: 0 | HP12: =IF(HO12="","",+IF(ISERROR(VLOOKUP(HO12,Validaciones!$D$13:$E$41,2,FALSE)),"NO DATA",VLOOKUP('Horario linea de latas'!HO12,Validaciones!$D$13:$E$41,2,FALSE))) -> Descanso | HR12: 9 | HS12: =IF(HR12="","",+IF(ISERROR(VLOOKUP(HR12,Validaciones!$D$13:$E$41,2,FALSE)),"NO DATA",VLOOKUP('Horario linea de latas'!HR12,Validaciones!$D$13:$E$41,2,FALSE))) -> 23:30 - 08:30 | HT12: Modulfill | HU12: 9 | HV12: =IF(HU12="","",+IF(ISERROR(VLOOKUP(HU12,Validaciones!$D$13:$E$41,2,FALSE)),"NO DATA",VLOOKUP('Horario linea de latas'!HU12,Validaciones!$D$13:$E$41,2,FALSE))) -> 23:30 - 08:30 | HW12: Modulfill | HX12: 0 | HY12: =IF(HX12="","",+IF(ISERROR(VLOOKUP(HX12,Validaciones!$D$13:$E$41,2,FALSE)),"NO DATA",VLOOKUP('Horario linea de latas'!HX12,Validaciones!$D$13:$E$41,2,FALSE))) -> Descanso | IA12: 1 | IB12: =IF(IA12="","",+IF(ISERROR(VLOOKUP(IA12,Validaciones!$D$13:$E$41,2,FALSE)),"NO DATA",VLOOKUP('Horario linea de latas'!IA12,Validaciones!$D$13:$E$41,2,FALSE))) -> 07:30 - 16:30 | IC12: Modulfill | ID12: 0 | IE12: =IF(ID12="","",+IF(ISERROR(VLOOKUP(ID12,Validaciones!$D$13:$E$41,2,FALSE)),"NO DATA",VLOOKUP('Horario linea de latas'!ID12,Validaciones!$D$13:$E$41,2,FALSE))) -> Descanso | IG12: 0 | IH12: =IF(IG12="","",+IF(ISERROR(VLOOKUP(IG12,Validaciones!$D$13:$E$41,2,FALSE)),"NO DATA",VLOOKUP('Horario linea de latas'!IG12,Validaciones!$D$13:$E$41,2,FALSE))) -> Descanso | IJ12: 1 | IK12: =IF(IJ12="","",+IF(ISERROR(VLOOKUP(IJ12,Validaciones!$D$13:$E$41,2,FALSE)),"NO DATA",VLOOKUP('Horario linea de latas'!IJ12,Validaciones!$D$13:$E$41,2,FALSE))) -> 07:30 - 16:30 | IL12: Modulfill | IM12: 1 | IN12: =IF(IM12="","",+IF(ISERROR(VLOOKUP(IM12,Validaciones!$D$13:$E$41,2,FALSE)),"NO DATA",VLOOKUP('Horario linea de latas'!IM12,Validaciones!$D$13:$E$41,2,FALSE))) -> 07:30 - 16:30 | IO12: Modulfill | IP12: 1 | IQ12: =IF(IP12="","",+IF(ISERROR(VLOOKUP(IP12,Validaciones!$D$13:$E$41,2,FALSE)),"NO DATA",VLOOKUP('Horario linea de latas'!IP12,Validaciones!$D$13:$E$41,2,FALSE))) -> 07:30 - 16:30 | IR12: Modulfill | IS12: 1 | IT12: =IF(IS12="","",+IF(ISERROR(VLOOKUP(IS12,Validaciones!$D$13:$E$41,2,FALSE)),"NO DATA",VLOOKUP('Horario linea de latas'!IS12,Validaciones!$D$13:$E$41,2,FALSE))) -> 07:30 - 16:30 | IU12: Modulfill | IV12: 0 | IW12: =IF(IV12="","",+IF(ISERROR(VLOOKUP(IV12,Validaciones!$D$13:$E$41,2,FALSE)),"NO DATA",VLOOKUP('Horario linea de latas'!IV12,Validaciones!$D$13:$E$41,2,FALSE))) -> Descanso | IY12: 1 | IZ12: =IF(IY12="","",+IF(ISERROR(VLOOKUP(IY12,Validaciones!$D$13:$E$41,2,FALSE)),"NO DATA",VLOOKUP('Horario linea de latas'!IY12,Validaciones!$D$13:$E$41,2,FALSE))) -> 07:30 - 16:30 | JA12: Modulfill | JB12: 1 | JC12: =IF(JB12="","",+IF(ISERROR(VLOOKUP(JB12,Validaciones!$D$13:$E$41,2,FALSE)),"NO DATA",VLOOKUP('Horario linea de latas'!JB12,Validaciones!$D$13:$E$41,2,FALSE))) -> 07:30 - 16:30 | JD12: Modulfill | JE12: 5 | JF12: =IF(JE12="","",+IF(ISERROR(VLOOKUP(JE12,Validaciones!$D$13:$E$41,2,FALSE)),"NO DATA",VLOOKUP('Horario linea de latas'!JE12,Validaciones!$D$13:$E$41,2,FALSE))) -> 15:30 - 00:30 | JG12: Modulfill | JH12: 5 | JI12: =IF(JH12="","",+IF(ISERROR(VLOOKUP(JH12,Validaciones!$D$13:$E$41,2,FALSE)),"NO DATA",VLOOKUP('Horario linea de latas'!JH12,Validaciones!$D$13:$E$41,2,FALSE))) -> 15:30 - 00:30 | JJ12: Modulfill | JK12: 5 | JL12: =IF(JK12="","",+IF(ISERROR(VLOOKUP(JK12,Validaciones!$D$13:$E$41,2,FALSE)),"NO DATA",VLOOKUP('Horario linea de latas'!JK12,Validaciones!$D$13:$E$41,2,FALSE))) -> 15:30 - 00:30 | JM12: Modulfill | JN12: 0 | JO12: =IF(JN12="","",+IF(ISERROR(VLOOKUP(JN12,Validaciones!$D$13:$E$41,2,FALSE)),"NO DATA",VLOOKUP('Horario linea de latas'!JN12,Validaciones!$D$13:$E$41,2,FALSE))) -> Descanso | JQ12: 7 | JR12: =IF(JQ12="","",+IF(ISERROR(VLOOKUP(JQ12,Validaciones!$D$13:$E$41,2,FALSE)),"NO DATA",VLOOKUP('Horario linea de latas'!JQ12,Validaciones!$D$13:$E$41,2,FALSE))) -> 19:30 - 08:30 | JS12: Modulfill | JT12: 9 | JU12: =IF(JT12="","",+IF(ISERROR(VLOOKUP(JT12,Validaciones!$D$13:$E$41,2,FALSE)),"NO DATA",VLOOKUP('Horario linea de latas'!JT12,Validaciones!$D$13:$E$41,2,FALSE))) -> 23:30 - 08:30 | JV12: Modulfill | JW12: 9 | JX12: =IF(JW12="","",+IF(ISERROR(VLOOKUP(JW12,Validaciones!$D$13:$E$41,2,FALSE)),"NO DATA",VLOOKUP('Horario linea de latas'!JW12,Validaciones!$D$13:$E$41,2,FALSE))) -> 23:30 - 08:30 | JY12: Modulfill | JZ12: 9 | KA12: =IF(JZ12="","",+IF(ISERROR(VLOOKUP(JZ12,Validaciones!$D$13:$E$41,2,FALSE)),"NO DATA",VLOOKUP('Horario linea de latas'!JZ12,Validaciones!$D$13:$E$41,2,FALSE))) -> 23:30 - 08:30 | KB12: Modulfill | KC12: 0 | KD12: =IF(KC12="","",+IF(ISERROR(VLOOKUP(KC12,Validaciones!$D$13:$E$41,2,FALSE)),"NO DATA",VLOOKUP('Horario linea de latas'!KC12,Validaciones!$D$13:$E$41,2,FALSE))) -> Descanso | KF12: 0 | KG12: =IF(KF12="","",+IF(ISERROR(VLOOKUP(KF12,Validaciones!$D$13:$E$41,2,FALSE)),"NO DATA",VLOOKUP('Horario linea de latas'!KF12,Validaciones!$D$13:$E$41,2,FALSE))) -> Descanso | KI12: 8 | KJ12: =IF(KI12="","",+IF(ISERROR(VLOOKUP(KI12,Validaciones!$D$13:$E$41,2,FALSE)),"NO DATA",VLOOKUP('Horario linea de latas'!KI12,Validaciones!$D$13:$E$41,2,FALSE))) -> Vacaciones | KL12: 5 | KM12: =IF(KL12="","",+IF(ISERROR(VLOOKUP(KL12,Validaciones!$D$13:$E$41,2,FALSE)),"NO DATA",VLOOKUP('Horario linea de latas'!KL12,Validaciones!$D$13:$E$41,2,FALSE))) -> 15:30 - 00:30 | KN12: Modulfill | KO12: 5 | KP12: =IF(KO12="","",+IF(ISERROR(VLOOKUP(KO12,Validaciones!$D$13:$E$41,2,FALSE)),"NO DATA",VLOOKUP('Horario linea de latas'!KO12,Validaciones!$D$13:$E$41,2,FALSE))) -> 15:30 - 00:30 | KQ12: Modulfill | KR12: 5 | KS12: =IF(KR12="","",+IF(ISERROR(VLOOKUP(KR12,Validaciones!$D$13:$E$41,2,FALSE)),"NO DATA",VLOOKUP('Horario linea de latas'!KR12,Validaciones!$D$13:$E$41,2,FALSE))) -> 15:30 - 00:30 | KT12: Modulfill | KU12: 0 | KV12: =IF(KU12="","",+IF(ISERROR(VLOOKUP(KU12,Validaciones!$D$13:$E$41,2,FALSE)),"NO DATA",VLOOKUP('Horario linea de latas'!KU12,Validaciones!$D$13:$E$41,2,FALSE))) -> Descanso | KX12: 9 | KY12: =IF(KX12="","",+IF(ISERROR(VLOOKUP(KX12,Validaciones!$D$13:$E$41,2,FALSE)),"NO DATA",VLOOKUP('Horario linea de latas'!KX12,Validaciones!$D$13:$E$41,2,FALSE))) -> 23:30 - 08:30 | KZ12: Modulfill | LA12: 9 | LB12: =IF(LA12="","",+IF(ISERROR(VLOOKUP(LA12,Validaciones!$D$13:$E$41,2,FALSE)),"NO DATA",VLOOKUP('Horario linea de latas'!LA12,Validaciones!$D$13:$E$41,2,FALSE))) -> 23:30 - 08:30 | LC12: Modulfill | LD12: 0 | LE12: =IF(LD12="","",+IF(ISERROR(VLOOKUP(LD12,Validaciones!$D$13:$E$41,2,FALSE)),"NO DATA",VLOOKUP('Horario linea de latas'!LD12,Validaciones!$D$13:$E$41,2,FALSE))) -> Descanso | LG12: 1 | LH12: =IF(LG12="","",+IF(ISERROR(VLOOKUP(LG12,Validaciones!$D$13:$E$41,2,FALSE)),"NO DATA",VLOOKUP('Horario linea de latas'!LG12,Validaciones!$D$13:$E$41,2,FALSE))) -> 07:30 - 16:30 | LI12: Modulfill | LJ12: 0 | LK12: =IF(LJ12="","",+IF(ISERROR(VLOOKUP(LJ12,Validaciones!$D$13:$E$41,2,FALSE)),"NO DATA",VLOOKUP('Horario linea de latas'!LJ12,Validaciones!$D$13:$E$41,2,FALSE))) -> Descanso | LM12: 0 | LN12: =IF(LM12="","",+IF(ISERROR(VLOOKUP(LM12,Validaciones!$D$13:$E$41,2,FALSE)),"NO DATA",VLOOKUP('Horario linea de latas'!LM12,Validaciones!$D$13:$E$41,2,FALSE))) -> Descanso | LP12: 1 | LQ12: =IF(LP12="","",+IF(ISERROR(VLOOKUP(LP12,Validaciones!$D$13:$E$41,2,FALSE)),"NO DATA",VLOOKUP('Horario linea de latas'!LP12,Validaciones!$D$13:$E$41,2,FALSE))) -> 07:30 - 16:30 | LR12: Modulfill | LS12: 1 | LT12: =IF(LS12="","",+IF(ISERROR(VLOOKUP(LS12,Validaciones!$D$13:$E$41,2,FALSE)),"NO DATA",VLOOKUP('Horario linea de latas'!LS12,Validaciones!$D$13:$E$41,2,FALSE))) -> 07:30 - 16:30 | LU12: Modulfill | LV12: 1 | LW12: =IF(LV12="","",+IF(ISERROR(VLOOKUP(LV12,Validaciones!$D$13:$E$41,2,FALSE)),"NO DATA",VLOOKUP('Horario linea de latas'!LV12,Validaciones!$D$13:$E$41,2,FALSE))) -> 07:30 - 16:30 | LX12: Modulfill | LY12: 1 | LZ12: =IF(LY12="","",+IF(ISERROR(VLOOKUP(LY12,Validaciones!$D$13:$E$41,2,FALSE)),"NO DATA",VLOOKUP('Horario linea de latas'!LY12,Validaciones!$D$13:$E$41,2,FALSE))) -> 07:30 - 16:30 | MA12: Modulfill | MB12: 0 | MC12: =IF(MB12="","",+IF(ISERROR(VLOOKUP(MB12,Validaciones!$D$13:$E$41,2,FALSE)),"NO DATA",VLOOKUP('Horario linea de latas'!MB12,Validaciones!$D$13:$E$41,2,FALSE))) -> Descanso | ME12: 1 | MF12: =IF(ME12="","",+IF(ISERROR(VLOOKUP(ME12,Validaciones!$D$13:$E$41,2,FALSE)),"NO DATA",VLOOKUP('Horario linea de latas'!ME12,Validaciones!$D$13:$E$41,2,FALSE))) -> 07:30 - 16:30 | MG12: Modulfill | MH12: 1 | MI12: =IF(MH12="","",+IF(ISERROR(VLOOKUP(MH12,Validaciones!$D$13:$E$41,2,FALSE)),"NO DATA",VLOOKUP('Horario linea de latas'!MH12,Validaciones!$D$13:$E$41,2,FALSE))) -> 07:30 - 16:30 | MJ12: Modulfill | MK12: 5 | ML12: =IF(MK12="","",+IF(ISERROR(VLOOKUP(MK12,Validaciones!$D$13:$E$41,2,FALSE)),"NO DATA",VLOOKUP('Horario linea de latas'!MK12,Validaciones!$D$13:$E$41,2,FALSE))) -> 15:30 - 00:30 | MM12: Modulfill | MN12: 5 | MO12: =IF(MN12="","",+IF(ISERROR(VLOOKUP(MN12,Validaciones!$D$13:$E$41,2,FALSE)),"NO DATA",VLOOKUP('Horario linea de latas'!MN12,Validaciones!$D$13:$E$41,2,FALSE))) -> 15:30 - 00:30 | MP12: Modulfill | MQ12: 5 | MR12: =IF(MQ12="","",+IF(ISERROR(VLOOKUP(MQ12,Validaciones!$D$13:$E$41,2,FALSE)),"NO DATA",VLOOKUP('Horario linea de latas'!MQ12,Validaciones!$D$13:$E$41,2,FALSE))) -> 15:30 - 00:30 | MS12: Modulfill | MT12: 0 | MU12: =IF(MT12="","",+IF(ISERROR(VLOOKUP(MT12,Validaciones!$D$13:$E$41,2,FALSE)),"NO DATA",VLOOKUP('Horario linea de latas'!MT12,Validaciones!$D$13:$E$41,2,FALSE))) -> Descanso | MW12: 9 | MX12: =IF(MW12="","",+IF(ISERROR(VLOOKUP(MW12,Validaciones!$D$13:$E$41,2,FALSE)),"NO DATA",VLOOKUP('Horario linea de latas'!MW12,Validaciones!$D$13:$E$41,2,FALSE))) -> 23:30 - 08:30 | MY12: Modulfill | MZ12: 9 | NA12: =IF(MZ12="","",+IF(ISERROR(VLOOKUP(MZ12,Validaciones!$D$13:$E$41,2,FALSE)),"NO DATA",VLOOKUP('Horario linea de latas'!MZ12,Validaciones!$D$13:$E$41,2,FALSE))) -> 23:30 - 08:30 | NB12: Modulfill | NC12: 9 | ND12: =IF(NC12="","",+IF(ISERROR(VLOOKUP(NC12,Validaciones!$D$13:$E$41,2,FALSE)),"NO DATA",VLOOKUP('Horario linea de latas'!NC12,Validaciones!$D$13:$E$41,2,FALSE))) -> 23:30 - 08:30 | NE12: Modulfill | NF12: 9 | NG12: =IF(NF12="","",+IF(ISERROR(VLOOKUP(NF12,Validaciones!$D$13:$E$41,2,FALSE)),"NO DATA",VLOOKUP('Horario linea de latas'!NF12,Validaciones!$D$13:$E$41,2,FALSE))) -> 23:30 - 08:30 | NH12: Modulfill | NI12: 0 | NJ12: =IF(NI12="","",+IF(ISERROR(VLOOKUP(NI12,Validaciones!$D$13:$E$41,2,FALSE)),"NO DATA",VLOOKUP('Horario linea de latas'!NI12,Validaciones!$D$13:$E$41,2,FALSE))) -> Descanso | NL12: 0 | NM12: =IF(NL12="","",+IF(ISERROR(VLOOKUP(NL12,Validaciones!$D$13:$E$41,2,FALSE)),"NO DATA",VLOOKUP('Horario linea de latas'!NL12,Validaciones!$D$13:$E$41,2,FALSE))) -> Descanso | NO12: 8 | NP12: Vacaciones | NR12: 5 | NS12: =IF(NR12="","",+IF(ISERROR(VLOOKUP(NR12,Validaciones!$D$13:$E$41,2,FALSE)),"NO DATA",VLOOKUP('Horario linea de latas'!NR12,Validaciones!$D$13:$E$41,2,FALSE))) -> 15:30 - 00:30 | NT12: Modulfill | NU12: 5 | NV12: =IF(NU12="","",+IF(ISERROR(VLOOKUP(NU12,Validaciones!$D$13:$E$41,2,FALSE)),"NO DATA",VLOOKUP('Horario linea de latas'!NU12,Validaciones!$D$13:$E$41,2,FALSE))) -> 15:30 - 00:30 | NW12: Modulfill | NX12: 5 | NY12: =IF(NX12="","",+IF(ISERROR(VLOOKUP(NX12,Validaciones!$D$13:$E$41,2,FALSE)),"NO DATA",VLOOKUP('Horario linea de latas'!NX12,Validaciones!$D$13:$E$41,2,FALSE))) -> 15:30 - 00:30 | NZ12: Modulfill | OA12: 0 | OB12: =IF(OA12="","",+IF(ISERROR(VLOOKUP(OA12,Validaciones!$D$13:$E$41,2,FALSE)),"NO DATA",VLOOKUP('Horario linea de latas'!OA12,Validaciones!$D$13:$E$41,2,FALSE))) -> Descanso | OD12: 9 | OE12: =IF(OD12="","",+IF(ISERROR(VLOOKUP(OD12,Validaciones!$D$13:$E$41,2,FALSE)),"NO DATA",VLOOKUP('Horario linea de latas'!OD12,Validaciones!$D$13:$E$41,2,FALSE))) -> 23:30 - 08:30 | OF12: Modulfill | OG12: 8 | OH12: Vacaciones | OJ12: 0 | OK12: =IF(OJ12="","",+IF(ISERROR(VLOOKUP(OJ12,Validaciones!$D$13:$E$41,2,FALSE)),"NO DATA",VLOOKUP('Horario linea de latas'!OJ12,Validaciones!$D$13:$E$41,2,FALSE))) -> Descanso | OM12: 1 | ON12: =IF(OM12="","",+IF(ISERROR(VLOOKUP(OM12,Validaciones!$D$13:$E$41,2,FALSE)),"NO DATA",VLOOKUP('Horario linea de latas'!OM12,Validaciones!$D$13:$E$41,2,FALSE))) -> 07:30 - 16:30 | OO12: Modulfill | OP12: 0 | OQ12: =IF(OP12="","",+IF(ISERROR(VLOOKUP(OP12,Validaciones!$D$13:$E$41,2,FALSE)),"NO DATA",VLOOKUP('Horario linea de latas'!OP12,Validaciones!$D$13:$E$41,2,FALSE))) -> Descanso | OS12: 0 | OT12: =IF(OS12="","",+IF(ISERROR(VLOOKUP(OS12,Validaciones!$D$13:$E$41,2,FALSE)),"NO DATA",VLOOKUP('Horario linea de latas'!OS12,Validaciones!$D$13:$E$41,2,FALSE))) -> Descanso | OV12: 1 | OW12: =IF(OV12="","",+IF(ISERROR(VLOOKUP(OV12,Validaciones!$D$13:$E$41,2,FALSE)),"NO DATA",VLOOKUP('Horario linea de latas'!OV12,Validaciones!$D$13:$E$41,2,FALSE))) -> 07:30 - 16:30 | OX12: Modulfill | OY12: 1 | OZ12: =IF(OY12="","",+IF(ISERROR(VLOOKUP(OY12,Validaciones!$D$13:$E$41,2,FALSE)),"NO DATA",VLOOKUP('Horario linea de latas'!OY12,Validaciones!$D$13:$E$41,2,FALSE))) -> 07:30 - 16:30 | PA12: Modulfill | PB12: 4 | PC12: =IF(PB12="","",+IF(ISERROR(VLOOKUP(PB12,Validaciones!$D$13:$E$41,2,FALSE)),"NO DATA",VLOOKUP('Horario linea de latas'!PB12,Validaciones!$D$13:$E$41,2,FALSE))) -> 07:30 - 20:30 | PD12: Modulfill | PE12: 1 | PF12: =IF(PE12="","",+IF(ISERROR(VLOOKUP(PE12,Validaciones!$D$13:$E$41,2,FALSE)),"NO DATA",VLOOKUP('Horario linea de latas'!PE12,Validaciones!$D$13:$E$41,2,FALSE))) -> 07:30 - 16:30 | PG12: Modulfill | PH12: 0 | PI12: =IF(PH12="","",+IF(ISERROR(VLOOKUP(PH12,Validaciones!$D$13:$E$41,2,FALSE)),"NO DATA",VLOOKUP('Horario linea de latas'!PH12,Validaciones!$D$13:$E$41,2,FALSE))) -> Descanso | PK12: 4 | PL12: =IF(PK12="","",+IF(ISERROR(VLOOKUP(PK12,Validaciones!$D$13:$E$41,2,FALSE)),"NO DATA",VLOOKUP('Horario linea de latas'!PK12,Validaciones!$D$13:$E$41,2,FALSE))) -> 07:30 - 20:30 | PM12: Modulfill | PN12: 1 | PO12: =IF(PN12="","",+IF(ISERROR(VLOOKUP(PN12,Validaciones!$D$13:$E$41,2,FALSE)),"NO DATA",VLOOKUP('Horario linea de latas'!PN12,Validaciones!$D$13:$E$41,2,FALSE))) -> 07:30 - 16:30 | PP12: Modulfill | PQ12: 5 | PR12: =IF(PQ12="","",+IF(ISERROR(VLOOKUP(PQ12,Validaciones!$D$13:$E$41,2,FALSE)),"NO DATA",VLOOKUP('Horario linea de latas'!PQ12,Validaciones!$D$13:$E$41,2,FALSE))) -> 15:30 - 00:30 | PS12: Modulfill | PT12: 5 | PU12: =IF(PT12="","",+IF(ISERROR(VLOOKUP(PT12,Validaciones!$D$13:$E$41,2,FALSE)),"NO DATA",VLOOKUP('Horario linea de latas'!PT12,Validaciones!$D$13:$E$41,2,FALSE))) -> 15:30 - 00:30 | PV12: Modulfill | PW12: 5 | PX12: =IF(PW12="","",+IF(ISERROR(VLOOKUP(PW12,Validaciones!$D$13:$E$41,2,FALSE)),"NO DATA",VLOOKUP('Horario linea de latas'!PW12,Validaciones!$D$13:$E$41,2,FALSE))) -> 15:30 - 00:30 | PY12: Modulfill | PZ12: 0 | QA12: =IF(PZ12="","",+IF(ISERROR(VLOOKUP(PZ12,Validaciones!$D$13:$E$41,2,FALSE)),"NO DATA",VLOOKUP('Horario linea de latas'!PZ12,Validaciones!$D$13:$E$41,2,FALSE))) -> Descanso | QC12: 9 | QD12: =IF(QC12="","",+IF(ISERROR(VLOOKUP(QC12,Validaciones!$D$13:$E$41,2,FALSE)),"NO DATA",VLOOKUP('Horario linea de latas'!QC12,Validaciones!$D$13:$E$41,2,FALSE))) -> 23:30 - 08:30 | QE12: Modulfill | QF12: 9 | QG12: =IF(QF12="","",+IF(ISERROR(VLOOKUP(QF12,Validaciones!$D$13:$E$41,2,FALSE)),"NO DATA",VLOOKUP('Horario linea de latas'!QF12,Validaciones!$D$13:$E$41,2,FALSE))) -> 23:30 - 08:30 | QH12: Modulfill | QI12: 9 | QJ12: =IF(QI12="","",+IF(ISERROR(VLOOKUP(QI12,Validaciones!$D$13:$E$41,2,FALSE)),"NO DATA",VLOOKUP('Horario linea de latas'!QI12,Validaciones!$D$13:$E$41,2,FALSE))) -> 23:30 - 08:30 | QK12: Modulfill | QL12: 9 | QM12: =IF(QL12="","",+IF(ISERROR(VLOOKUP(QL12,Validaciones!$D$13:$E$41,2,FALSE)),"NO DATA",VLOOKUP('Horario linea de latas'!QL12,Validaciones!$D$13:$E$41,2,FALSE))) -> 23:30 - 08:30 | QN12: Modulfill | QO12: 0 | QP12: =IF(QO12="","",+IF(ISERROR(VLOOKUP(QO12,Validaciones!$D$13:$E$41,2,FALSE)),"NO DATA",VLOOKUP('Horario linea de latas'!QO12,Validaciones!$D$13:$E$41,2,FALSE))) -> Descanso | QR12: 9 | QS12: =IF(QR12="","",+IF(ISERROR(VLOOKUP(QR12,Validaciones!$D$13:$E$41,2,FALSE)),"NO DATA",VLOOKUP('Horario linea de latas'!QR12,Validaciones!$D$13:$E$41,2,FALSE))) -> 23:30 - 08:30 | QT12: Modulfill | QU12: 8 | QV12: =IF(QU12="","",+IF(ISERROR(VLOOKUP(QU12,Validaciones!$D$13:$E$41,2,FALSE)),"NO DATA",VLOOKUP('Horario linea de latas'!QU12,Validaciones!$D$13:$E$41,2,FALSE))) -> Vacaciones | QX12: 4 | QY12: =IF(QX12="","",+IF(ISERROR(VLOOKUP(QX12,Validaciones!$D$13:$E$41,2,FALSE)),"NO DATA",VLOOKUP('Horario linea de latas'!QX12,Validaciones!$D$13:$E$41,2,FALSE))) -> 07:30 - 20:30 | QZ12: Modulfill | RA12: 0 | RB12: =IF(RA12="","",+IF(ISERROR(VLOOKUP(RA12,Validaciones!$D$13:$E$41,2,FALSE)),"NO DATA",VLOOKUP('Horario linea de latas'!RA12,Validaciones!$D$13:$E$41,2,FALSE))) -> Descanso | RC12: Modulfill | RD12: 0 | RE12: =IF(RD12="","",+IF(ISERROR(VLOOKUP(RD12,Validaciones!$D$13:$E$41,2,FALSE)),"NO DATA",VLOOKUP('Horario linea de latas'!RD12,Validaciones!$D$13:$E$41,2,FALSE))) -> Descanso | RF12: Modulfill | RG12: 25 | RH12: =IF(RG12="","",+IF(ISERROR(VLOOKUP(RG12,Validaciones!$D$13:$E$41,2,FALSE)),"NO DATA",VLOOKUP('Horario linea de latas'!RG12,Validaciones!$D$13:$E$41,2,FALSE))) -> Feriado | RJ12: 5 | RK12: =IF(RJ12="","",+IF(ISERROR(VLOOKUP(RJ12,Validaciones!$D$13:$E$41,2,FALSE)),"NO DATA",VLOOKUP('Horario linea de latas'!RJ12,Validaciones!$D$13:$E$41,2,FALSE))) -> 15:30 - 00:30 | RL12: Modulfill | RM12: 5 | RN12: =IF(RM12="","",+IF(ISERROR(VLOOKUP(RM12,Validaciones!$D$13:$E$41,2,FALSE)),"NO DATA",VLOOKUP('Horario linea de latas'!RM12,Validaciones!$D$13:$E$41,2,FALSE))) -> 15:30 - 00:30 | RO12: Modulfill | RP12: 9 | RQ12: =IF(RP12="","",+IF(ISERROR(VLOOKUP(RP12,Validaciones!$D$13:$E$41,2,FALSE)),"NO DATA",VLOOKUP('Horario linea de latas'!RP12,Validaciones!$D$13:$E$41,2,FALSE))) -> 23:30 - 08:30 | RR12: Modulfill | RS12: 9 | RT12: =IF(RS12="","",+IF(ISERROR(VLOOKUP(RS12,Validaciones!$D$13:$E$41,2,FALSE)),"NO DATA",VLOOKUP('Horario linea de latas'!RS12,Validaciones!$D$13:$E$41,2,FALSE))) -> 23:30 - 08:30 | RU12: Modulfill | RV12: 0 | RW12: =IF(RV12="","",+IF(ISERROR(VLOOKUP(RV12,Validaciones!$D$13:$E$41,2,FALSE)),"NO DATA",VLOOKUP('Horario linea de latas'!RV12,Validaciones!$D$13:$E$41,2,FALSE))) -> Descanso | RX12: Modulfill | RY12: 0 | RZ12: =IF(RY12="","",+IF(ISERROR(VLOOKUP(RY12,Validaciones!$D$13:$E$41,2,FALSE)),"NO DATA",VLOOKUP('Horario linea de latas'!RY12,Validaciones!$D$13:$E$41,2,FALSE))) -> Descanso | SB12: 25 | SC12: =IF(SB12="","",+IF(ISERROR(VLOOKUP(SB12,Validaciones!$D$13:$E$41,2,FALSE)),"NO DATA",VLOOKUP('Horario linea de latas'!SB12,Validaciones!$D$13:$E$41,2,FALSE))) -> Feriado | SE12: 25 | SF12: =IF(SE12="","",+IF(ISERROR(VLOOKUP(SE12,Validaciones!$D$13:$E$41,2,FALSE)),"NO DATA",VLOOKUP('Horario linea de latas'!SE12,Validaciones!$D$13:$E$41,2,FALSE))) -> Feriado | SH12: 0 | SI12: =IF(SH12="","",+IF(ISERROR(VLOOKUP(SH12,Validaciones!$D$13:$E$41,2,FALSE)),"NO DATA",VLOOKUP('Horario linea de latas'!SH12,Validaciones!$D$13:$E$41,2,FALSE))) -> Descanso | SK12: 0 | SL12: =IF(SK12="","",+IF(ISERROR(VLOOKUP(SK12,Validaciones!$D$13:$E$41,2,FALSE)),"NO DATA",VLOOKUP('Horario linea de latas'!SK12,Validaciones!$D$13:$E$41,2,FALSE))) -> Descanso | SM12: 0 | SN12: =IF(SM12="","",+IF(ISERROR(VLOOKUP(SM12,Validaciones!$D$13:$E$41,2,FALSE)),"NO DATA",VLOOKUP('Horario linea de latas'!SM12,Validaciones!$D$13:$E$41,2,FALSE))) -> Descanso | SO12: Modulfill | SP12: 0 | SQ12: =IF(SP12="","",+IF(ISERROR(VLOOKUP(SP12,Validaciones!$D$13:$E$41,2,FALSE)),"NO DATA",VLOOKUP('Horario linea de latas'!SP12,Validaciones!$D$13:$E$41,2,FALSE))) -> Descanso | SR12: Modulfill | SS12: 1 | ST12: =IF(SS12="","",+IF(ISERROR(VLOOKUP(SS12,Validaciones!$D$13:$E$41,2,FALSE)),"NO DATA",VLOOKUP('Horario linea de latas'!SS12,Validaciones!$D$13:$E$41,2,FALSE))) -> 07:30 - 16:30 | SU12: Modulfill | SV12: 1 | SW12: =IF(SV12="","",+IF(ISERROR(VLOOKUP(SV12,Validaciones!$D$13:$E$41,2,FALSE)),"NO DATA",VLOOKUP('Horario linea de latas'!SV12,Validaciones!$D$13:$E$41,2,FALSE))) -> 07:30 - 16:30 | SX12: Modulfill | SY12: 5 | SZ12: =IF(SY12="","",+IF(ISERROR(VLOOKUP(SY12,Validaciones!$D$13:$E$41,2,FALSE)),"NO DATA",VLOOKUP('Horario linea de latas'!SY12,Validaciones!$D$13:$E$41,2,FALSE))) -> 15:30 - 00:30 | TA12: Modulfill | TB12: 7 | TC12: =IF(TB12="","",+IF(ISERROR(VLOOKUP(TB12,Validaciones!$D$13:$E$41,2,FALSE)),"NO DATA",VLOOKUP('Horario linea de latas'!TB12,Validaciones!$D$13:$E$41,2,FALSE))) -> 19:30 - 08:30 | TD12: Modulfill | TE12: 0 | TF12: =IF(TE12="","",+IF(ISERROR(VLOOKUP(TE12,Validaciones!$D$13:$E$41,2,FALSE)),"NO DATA",VLOOKUP('Horario linea de latas'!TE12,Validaciones!$D$13:$E$41,2,FALSE))) -> Descanso | TG12: Modulfill | TH12: 9 | TI12: =IF(TH12="","",+IF(ISERROR(VLOOKUP(TH12,Validaciones!$D$13:$E$41,2,FALSE)),"NO DATA",VLOOKUP('Horario linea de latas'!TH12,Validaciones!$D$13:$E$41,2,FALSE))) -> 23:30 - 08:30 | TJ12: Modulfill | TK12: 9 | TL12: =IF(TK12="","",+IF(ISERROR(VLOOKUP(TK12,Validaciones!$D$13:$E$41,2,FALSE)),"NO DATA",VLOOKUP('Horario linea de latas'!TK12,Validaciones!$D$13:$E$41,2,FALSE))) -> 23:30 - 08:30 | TM12: Modulfill | TN12: 0 | TO12: =IF(TN12="","",+IF(ISERROR(VLOOKUP(TN12,Validaciones!$D$13:$E$41,2,FALSE)),"NO DATA",VLOOKUP('Horario linea de latas'!TN12,Validaciones!$D$13:$E$41,2,FALSE))) -> Descanso | TP12: Modulfill | TQ12: 0 | TR12: =IF(TQ12="","",+IF(ISERROR(VLOOKUP(TQ12,Validaciones!$D$13:$E$41,2,FALSE)),"NO DATA",VLOOKUP('Horario linea de latas'!TQ12,Validaciones!$D$13:$E$41,2,FALSE))) -> Descanso | TS12: Modulfill | TT12: 1 | TU12: =IF(TT12="","",+IF(ISERROR(VLOOKUP(TT12,Validaciones!$D$13:$E$41,2,FALSE)),"NO DATA",VLOOKUP('Horario linea de latas'!TT12,Validaciones!$D$13:$E$41,2,FALSE))) -> 07:30 - 16:30 | TV12: Modulfill | TW12: 4 | TX12: =IF(TW12="","",+IF(ISERROR(VLOOKUP(TW12,Validaciones!$D$13:$E$41,2,FALSE)),"NO DATA",VLOOKUP('Horario linea de latas'!TW12,Validaciones!$D$13:$E$41,2,FALSE))) -> 07:30 - 20:30 | TY12: Modulfill | TZ12: 5 | UA12: =IF(TZ12="","",+IF(ISERROR(VLOOKUP(TZ12,Validaciones!$D$13:$E$41,2,FALSE)),"NO DATA",VLOOKUP('Horario linea de latas'!TZ12,Validaciones!$D$13:$E$41,2,FALSE))) -> 15:30 - 00:30 | UB12: Modulfill | UC12: 5 | UD12: =IF(UC12="","",+IF(ISERROR(VLOOKUP(UC12,Validaciones!$D$13:$E$41,2,FALSE)),"NO DATA",VLOOKUP('Horario linea de latas'!UC12,Validaciones!$D$13:$E$41,2,FALSE))) -> 15:30 - 00:30 | UE12: Modulfill | UF12: 5 | UG12: =IF(UF12="","",+IF(ISERROR(VLOOKUP(UF12,Validaciones!$D$13:$E$41,2,FALSE)),"NO DATA",VLOOKUP('Horario linea de latas'!UF12,Validaciones!$D$13:$E$41,2,FALSE))) -> 15:30 - 00:30 | UH12: Modulfill | UI12: 5 | UJ12: =IF(UI12="","",+IF(ISERROR(VLOOKUP(UI12,Validaciones!$D$13:$E$41,2,FALSE)),"NO DATA",VLOOKUP('Horario linea de latas'!UI12,Validaciones!$D$13:$E$41,2,FALSE))) -> 15:30 - 00:30 | UK12: Modulfill | UL12: 0 | UM12: =IF(UL12="","",+IF(ISERROR(VLOOKUP(UL12,Validaciones!$D$13:$E$41,2,FALSE)),"NO DATA",VLOOKUP('Horario linea de latas'!UL12,Validaciones!$D$13:$E$41,2,FALSE))) -> Descanso | UN12: Modulfill | UO12: 12 | UP12: =IF(UO12="","",+IF(ISERROR(VLOOKUP(UO12,Validaciones!$D$13:$E$41,2,FALSE)),"NO DATA",VLOOKUP('Horario linea de latas'!UO12,Validaciones!$D$13:$E$41,2,FALSE))) -> Evento | UQ12: Modulfill | UR12: 0 | US12: =IF(UR12="","",+IF(ISERROR(VLOOKUP(UR12,Validaciones!$D$13:$E$41,2,FALSE)),"NO DATA",VLOOKUP('Horario linea de latas'!UR12,Validaciones!$D$13:$E$41,2,FALSE))) -> Descanso | UT12: Modulfill | UU12: 0 | UV12: =IF(UU12="","",+IF(ISERROR(VLOOKUP(UU12,Validaciones!$D$13:$E$41,2,FALSE)),"NO DATA",VLOOKUP('Horario linea de latas'!UU12,Validaciones!$D$13:$E$41,2,FALSE))) -> Descanso | UW12: Modulfill | UX12: 5 | UY12: =IF(UX12="","",+IF(ISERROR(VLOOKUP(UX12,Validaciones!$D$13:$E$41,2,FALSE)),"NO DATA",VLOOKUP('Horario linea de latas'!UX12,Validaciones!$D$13:$E$41,2,FALSE))) -> 15:30 - 00:30 | UZ12: Modulfill | VA12: 5 | VB12: =IF(VA12="","",+IF(ISERROR(VLOOKUP(VA12,Validaciones!$D$13:$E$41,2,FALSE)),"NO DATA",VLOOKUP('Horario linea de latas'!VA12,Validaciones!$D$13:$E$41,2,FALSE))) -> 15:30 - 00:30 | VC12: Modulfill | VD12: 5 | VE12: =IF(VD12="","",+IF(ISERROR(VLOOKUP(VD12,Validaciones!$D$13:$E$41,2,FALSE)),"NO DATA",VLOOKUP('Horario linea de latas'!VD12,Validaciones!$D$13:$E$41,2,FALSE))) -> 15:30 - 00:30 | VF12: Modulfill | VG12: 0 | VH12: =IF(VG12="","",+IF(ISERROR(VLOOKUP(VG12,Validaciones!$D$13:$E$41,2,FALSE)),"NO DATA",VLOOKUP('Horario linea de latas'!VG12,Validaciones!$D$13:$E$41,2,FALSE))) -> Descanso | VI12: Modulfill | VJ12: 0 | VK12: =IF(VJ12="","",+IF(ISERROR(VLOOKUP(VJ12,Validaciones!$D$13:$E$41,2,FALSE)),"NO DATA",VLOOKUP('Horario linea de latas'!VJ12,Validaciones!$D$13:$E$41,2,FALSE))) -> Descanso | VL12: Modulfill | VM12: 1 | VN12: =IF(VM12="","",+IF(ISERROR(VLOOKUP(VM12,Validaciones!$D$13:$E$41,2,FALSE)),"NO DATA",VLOOKUP('Horario linea de latas'!VM12,Validaciones!$D$13:$E$41,2,FALSE))) -> 07:30 - 16:30 | VO12: Modulfill | VP12: 0 | VQ12: =IF(VP12="","",+IF(ISERROR(VLOOKUP(VP12,Validaciones!$D$13:$E$41,2,FALSE)),"NO DATA",VLOOKUP('Horario linea de latas'!VP12,Validaciones!$D$13:$E$41,2,FALSE))) -> Descanso | VR12: Modulfill | VS12: 9 | VT12: =IF(VS12="","",+IF(ISERROR(VLOOKUP(VS12,Validaciones!$D$13:$E$41,2,FALSE)),"NO DATA",VLOOKUP('Horario linea de latas'!VS12,Validaciones!$D$13:$E$41,2,FALSE))) -> 23:30 - 08:30 | VU12: Modulfill | VV12: 9 | VW12: =IF(VV12="","",+IF(ISERROR(VLOOKUP(VV12,Validaciones!$D$13:$E$41,2,FALSE)),"NO DATA",VLOOKUP('Horario linea de latas'!VV12,Validaciones!$D$13:$E$41,2,FALSE))) -> 23:30 - 08:30 | VX12: Modulfill | VY12: 0 | VZ12: =IF(VY12="","",+IF(ISERROR(VLOOKUP(VY12,Validaciones!$D$13:$E$41,2,FALSE)),"NO DATA",VLOOKUP('Horario linea de latas'!VY12,Validaciones!$D$13:$E$41,2,FALSE))) -> Descanso | WA12: Modulfill | WB12: 0 | WC12: =IF(WB12="","",+IF(ISERROR(VLOOKUP(WB12,Validaciones!$D$13:$E$41,2,FALSE)),"NO DATA",VLOOKUP('Horario linea de latas'!WB12,Validaciones!$D$13:$E$41,2,FALSE))) -> Descanso | WD12: Modulfill | WE12: 5 | WF12: =IF(WE12="","",+IF(ISERROR(VLOOKUP(WE12,Validaciones!$D$13:$E$41,2,FALSE)),"NO DATA",VLOOKUP('Horario linea de latas'!WE12,Validaciones!$D$13:$E$41,2,FALSE))) -> 15:30 - 00:30 | WG12: Modulfill | WH12: 5 | WI12: =IF(WH12="","",+IF(ISERROR(VLOOKUP(WH12,Validaciones!$D$13:$E$41,2,FALSE)),"NO DATA",VLOOKUP('Horario linea de latas'!WH12,Validaciones!$D$13:$E$41,2,FALSE))) -> 15:30 - 00:30 | WJ12: Modulfill | WK12: 5 | WL12: =IF(WK12="","",+IF(ISERROR(VLOOKUP(WK12,Validaciones!$D$13:$E$41,2,FALSE)),"NO DATA",VLOOKUP('Horario linea de latas'!WK12,Validaciones!$D$13:$E$41,2,FALSE))) -> 15:30 - 00:30 | WM12: Modulfill | WN12: 0 | WO12: =IF(WN12="","",+IF(ISERROR(VLOOKUP(WN12,Validaciones!$D$13:$E$41,2,FALSE)),"NO DATA",VLOOKUP('Horario linea de latas'!WN12,Validaciones!$D$13:$E$41,2,FALSE))) -> Descanso | WP12: Modulfill | WQ12: 9 | WR12: =IF(WQ12="","",+IF(ISERROR(VLOOKUP(WQ12,Validaciones!$D$13:$E$41,2,FALSE)),"NO DATA",VLOOKUP('Horario linea de latas'!WQ12,Validaciones!$D$13:$E$41,2,FALSE))) -> 23:30 - 08:30 | WS12: Modulfill | WT12: 9 | WU12: =IF(WT12="","",+IF(ISERROR(VLOOKUP(WT12,Validaciones!$D$13:$E$41,2,FALSE)),"NO DATA",VLOOKUP('Horario linea de latas'!WT12,Validaciones!$D$13:$E$41,2,FALSE))) -> 23:30 - 08:30 | WV12: Modulfill | WW12: 9 | WX12: =IF(WW12="","",+IF(ISERROR(VLOOKUP(WW12,Validaciones!$D$13:$E$41,2,FALSE)),"NO DATA",VLOOKUP('Horario linea de latas'!WW12,Validaciones!$D$13:$E$41,2,FALSE))) -> 23:30 - 08:30 | WY12: Modulfill | WZ12: 9 | XA12: =IF(WZ12="","",+IF(ISERROR(VLOOKUP(WZ12,Validaciones!$D$13:$E$41,2,FALSE)),"NO DATA",VLOOKUP('Horario linea de latas'!WZ12,Validaciones!$D$13:$E$41,2,FALSE))) -> 23:30 - 08:30 | XB12: Modulfill | XC12: 0 | XD12: =IF(XC12="","",+IF(ISERROR(VLOOKUP(XC12,Validaciones!$D$13:$E$41,2,FALSE)),"NO DATA",VLOOKUP('Horario linea de latas'!XC12,Validaciones!$D$13:$E$41,2,FALSE))) -> Descanso | XE12: Modulfill | XF12: 0 | XG12: =IF(XF12="","",+IF(ISERROR(VLOOKUP(XF12,Validaciones!$D$13:$E$41,2,FALSE)),"NO DATA",VLOOKUP('Horario linea de latas'!XF12,Validaciones!$D$13:$E$41,2,FALSE))) -> Descanso | XH12: Modulfill | XI12: 0 | XJ12: =IF(XI12="","",+IF(ISERROR(VLOOKUP(XI12,Validaciones!$D$13:$E$41,2,FALSE)),"NO DATA",VLOOKUP('Horario linea de latas'!XI12,Validaciones!$D$13:$E$41,2,FALSE))) -> Descanso | XK12: Modulfill | XL12: 1 | XM12: =IF(XL12="","",+IF(ISERROR(VLOOKUP(XL12,Validaciones!$D$13:$E$41,2,FALSE)),"NO DATA",VLOOKUP('Horario linea de latas'!XL12,Validaciones!$D$13:$E$41,2,FALSE))) -> 07:30 - 16:30 | XN12: Modulfill | XO12: 1 | XP12: =IF(XO12="","",+IF(ISERROR(VLOOKUP(XO12,Validaciones!$D$13:$E$41,2,FALSE)),"NO DATA",VLOOKUP('Horario linea de latas'!XO12,Validaciones!$D$13:$E$41,2,FALSE))) -> 07:30 - 16:30 | XQ12: Modulfill | XR12: 1 | XS12: =IF(XR12="","",+IF(ISERROR(VLOOKUP(XR12,Validaciones!$D$13:$E$41,2,FALSE)),"NO DATA",VLOOKUP('Horario linea de latas'!XR12,Validaciones!$D$13:$E$41,2,FALSE))) -> 07:30 - 16:30 | XT12: Modulfill | XU12: 1 | XV12: =IF(XU12="","",+IF(ISERROR(VLOOKUP(XU12,Validaciones!$D$13:$E$41,2,FALSE)),"NO DATA",VLOOKUP('Horario linea de latas'!XU12,Validaciones!$D$13:$E$41,2,FALSE))) -> 07:30 - 16:30 | XW12: Modulfill | XX12: 1 | XY12: =IF(XX12="","",+IF(ISERROR(VLOOKUP(XX12,Validaciones!$D$13:$E$41,2,FALSE)),"NO DATA",VLOOKUP('Horario linea de latas'!XX12,Validaciones!$D$13:$E$41,2,FALSE))) -> 07:30 - 16:30 | XZ12: Modulfill | YA12: 0 | YB12: =IF(YA12="","",+IF(ISERROR(VLOOKUP(YA12,Validaciones!$D$13:$E$41,2,FALSE)),"NO DATA",VLOOKUP('Horario linea de latas'!YA12,Validaciones!$D$13:$E$41,2,FALSE))) -> Descanso | YC12: Modulfill | YD12: 5 | YE12: =IF(YD12="","",+IF(ISERROR(VLOOKUP(YD12,Validaciones!$D$13:$E$41,2,FALSE)),"NO DATA",VLOOKUP('Horario linea de latas'!YD12,Validaciones!$D$13:$E$41,2,FALSE))) -> 15:30 - 00:30 | YF12: Modulfill | YG12: 5 | YH12: =IF(YG12="","",+IF(ISERROR(VLOOKUP(YG12,Validaciones!$D$13:$E$41,2,FALSE)),"NO DATA",VLOOKUP('Horario linea de latas'!YG12,Validaciones!$D$13:$E$41,2,FALSE))) -> 15:30 - 00:30 | YI12: Modulfill | YJ12: 7 | YK12: =IF(YJ12="","",+IF(ISERROR(VLOOKUP(YJ12,Validaciones!$D$13:$E$41,2,FALSE)),"NO DATA",VLOOKUP('Horario linea de latas'!YJ12,Validaciones!$D$13:$E$41,2,FALSE))) -> 19:30 - 08:30 | YL12: Modulfill | YM12: 0 | YN12: =IF(YM12="","",+IF(ISERROR(VLOOKUP(YM12,Validaciones!$D$13:$E$41,2,FALSE)),"NO DATA",VLOOKUP('Horario linea de latas'!YM12,Validaciones!$D$13:$E$41,2,FALSE))) -> Descanso | YO12: Modulfill | YP12: 0 | YQ12: =IF(YP12="","",+IF(ISERROR(VLOOKUP(YP12,Validaciones!$D$13:$E$41,2,FALSE)),"NO DATA",VLOOKUP('Horario linea de latas'!YP12,Validaciones!$D$13:$E$41,2,FALSE))) -> Descanso | YR12: Modulfill | YS12: 1 | YT12: =IF(YS12="","",+IF(ISERROR(VLOOKUP(YS12,Validaciones!$D$13:$E$41,2,FALSE)),"NO DATA",VLOOKUP('Horario linea de latas'!YS12,Validaciones!$D$13:$E$41,2,FALSE))) -> 07:30 - 16:30 | YU12: Modulfill | YV12: 1 | YW12: =IF(YV12="","",+IF(ISERROR(VLOOKUP(YV12,Validaciones!$D$13:$E$41,2,FALSE)),"NO DATA",VLOOKUP('Horario linea de latas'!YV12,Validaciones!$D$13:$E$41,2,FALSE))) -> 07:30 - 16:30 | YX12: Modulfill | YY12: 9 | YZ12: =IF(YY12="","",+IF(ISERROR(VLOOKUP(YY12,Validaciones!$D$13:$E$41,2,FALSE)),"NO DATA",VLOOKUP('Horario linea de latas'!YY12,Validaciones!$D$13:$E$41,2,FALSE))) -> 23:30 - 08:30 | ZA12: Modulfill | ZB12: 0 | ZC12: =IF(ZB12="","",+IF(ISERROR(VLOOKUP(ZB12,Validaciones!$D$13:$E$41,2,FALSE)),"NO DATA",VLOOKUP('Horario linea de latas'!ZB12,Validaciones!$D$13:$E$41,2,FALSE))) -> Descanso | ZD12: Modulfill | ZE12: 0 | ZF12: =IF(ZE12="","",+IF(ISERROR(VLOOKUP(ZE12,Validaciones!$D$13:$E$41,2,FALSE)),"NO DATA",VLOOKUP('Horario linea de latas'!ZE12,Validaciones!$D$13:$E$41,2,FALSE))) -> Descanso | ZG12: Modulfill | ZH12: 5 | ZI12: =IF(ZH12="","",+IF(ISERROR(VLOOKUP(ZH12,Validaciones!$D$13:$E$41,2,FALSE)),"NO DATA",VLOOKUP('Horario linea de latas'!ZH12,Validaciones!$D$13:$E$41,2,FALSE))) -> 15:30 - 00:30 | ZJ12: Modulfill | ZK12: 5 | ZL12: =IF(ZK12="","",+IF(ISERROR(VLOOKUP(ZK12,Validaciones!$D$13:$E$41,2,FALSE)),"NO DATA",VLOOKUP('Horario linea de latas'!ZK12,Validaciones!$D$13:$E$41,2,FALSE))) -> 15:30 - 00:30 | ZM12: Modulfill | ZN12: 5 | ZO12: =IF(ZN12="","",+IF(ISERROR(VLOOKUP(ZN12,Validaciones!$D$13:$E$41,2,FALSE)),"NO DATA",VLOOKUP('Horario linea de latas'!ZN12,Validaciones!$D$13:$E$41,2,FALSE))) -> 15:30 - 00:30 | ZP12: Modulfill | ZQ12: 1 | ZR12: =IF(ZQ12="","",+IF(ISERROR(VLOOKUP(ZQ12,Validaciones!$D$13:$E$41,2,FALSE)),"NO DATA",VLOOKUP('Horario linea de latas'!ZQ12,Validaciones!$D$13:$E$41,2,FALSE))) -> 07:30 - 16:30 | ZS12: Modulfill | ZT12: 0 | ZU12: =IF(ZT12="","",+IF(ISERROR(VLOOKUP(ZT12,Validaciones!$D$13:$E$41,2,FALSE)),"NO DATA",VLOOKUP('Horario linea de latas'!ZT12,Validaciones!$D$13:$E$41,2,FALSE))) -> Descanso | ZV12: Modulfill | ZW12: 5 | ZX12: =IF(ZW12="","",+IF(ISERROR(VLOOKUP(ZW12,Validaciones!$D$13:$E$41,2,FALSE)),"NO DATA",VLOOKUP('Horario linea de latas'!ZW12,Validaciones!$D$13:$E$41,2,FALSE))) -> 15:30 - 00:30 | ZY12: Modulfill | ZZ12: 8 | AAA12: =IF(ZZ12="","",+IF(ISERROR(VLOOKUP(ZZ12,Validaciones!$D$13:$E$41,2,FALSE)),"NO DATA",VLOOKUP('Horario linea de latas'!ZZ12,Validaciones!$D$13:$E$41,2,FALSE))) -> Vacaciones | AAB12: Modulfill | AAC12: 8 | AAD12: =IF(AAC12="","",+IF(ISERROR(VLOOKUP(AAC12,Validaciones!$D$13:$E$41,2,FALSE)),"NO DATA",VLOOKUP('Horario linea de latas'!AAC12,Validaciones!$D$13:$E$41,2,FALSE))) -> Vacaciones | AAE12: Modulfill | AAF12: 8 | AAG12: =IF(AAF12="","",+IF(ISERROR(VLOOKUP(AAF12,Validaciones!$D$13:$E$41,2,FALSE)),"NO DATA",VLOOKUP('Horario linea de latas'!AAF12,Validaciones!$D$13:$E$41,2,FALSE))) -> Vacaciones | AAH12: Modulfill | AAI12: 7 | AAJ12: =IF(AAI12="","",+IF(ISERROR(VLOOKUP(AAI12,Validaciones!$D$13:$E$41,2,FALSE)),"NO DATA",VLOOKUP('Horario linea de latas'!AAI12,Validaciones!$D$13:$E$41,2,FALSE))) -> 19:30 - 08:30 | AAK12: Modulfill | AAL12: 8 | AAM12: =IF(AAL12="","",+IF(ISERROR(VLOOKUP(AAL12,Validaciones!$D$13:$E$41,2,FALSE)),"NO DATA",VLOOKUP('Horario linea de latas'!AAL12,Validaciones!$D$13:$E$41,2,FALSE))) -> Vacaciones | AAN12: Modulfill | AAO12: 8 | AAP12: Vacaciones | AAQ12: Modulfill | AAR12: 0 | AAS12: Descanso | AAT12: Modulfill | AAU12: 7 | AAV12: 19:30 - 08:30 | AAW12: Modulfill | AAX12: 7 | AAY12: 19:30 - 08:30 | AAZ12: Modulfill | ABA12: 7 | ABB12: 19:30 - 08:30 | ABC12: Modulfill | ABD12: 7 | ABE12: 19:30 - 08:30 | ABF12: Modulfill | ABG12: 7 | ABH12: 19:30 - 08:30 | ABI12: Modulfill | ABJ12: 0 | ABK12: Descanso | ABL12: Modulfill | ABM12: 4 | ABN12: 07:30 - 20:30 | ABO12: Modulfill | ABP12: 4 | ABQ12: 07:30 - 20:30 | ABR12: Modulfill | ABS12: 4 | ABT12: 07:30 - 20:30 | ABU12: Modulfill | ABV12: 4 | ABW12: 07:30 - 20:30 | ABX12: Modulfill | ABY12: 4 | ABZ12: 07:30 - 20:30 | ACA12: Modulfill | ACB12: 0 | ACC12: Descanso | ACD12: Modulfill | ACE12: 0 | ACF12: =IF(ACE12="","",+IF(ISERROR(VLOOKUP(ACE12,Validaciones!$D$13:$E$41,2,FALSE)),"NO DATA",VLOOKUP('Horario linea de latas'!ACE12,Validaciones!$D$13:$E$41,2,FALSE))) -> Descanso | ACG12: Modulfill | ACH12: 4 | ACI12: =IF(ACH12="","",+IF(ISERROR(VLOOKUP(ACH12,Validaciones!$D$13:$E$41,2,FALSE)),"NO DATA",VLOOKUP('Horario linea de latas'!ACH12,Validaciones!$D$13:$E$41,2,FALSE))) -> 07:30 - 20:30 | ACJ12: Capacitación | ACK12: 1 | ACL12: =IF(ACK12="","",+IF(ISERROR(VLOOKUP(ACK12,Validaciones!$D$13:$E$41,2,FALSE)),"NO DATA",VLOOKUP('Horario linea de latas'!ACK12,Validaciones!$D$13:$E$41,2,FALSE))) -> 07:30 - 16:30 | ACM12: Modulfill | ACN12: 1 | ACO12: =IF(ACN12="","",+IF(ISERROR(VLOOKUP(ACN12,Validaciones!$D$13:$E$41,2,FALSE)),"NO DATA",VLOOKUP('Horario linea de latas'!ACN12,Validaciones!$D$13:$E$41,2,FALSE))) -> 07:30 - 16:30 | ACP12: Modulfill | ACQ12: 0 | ACR12: =IF(ACQ12="","",+IF(ISERROR(VLOOKUP(ACQ12,Validaciones!$D$13:$E$41,2,FALSE)),"NO DATA",VLOOKUP('Horario linea de latas'!ACQ12,Validaciones!$D$13:$E$41,2,FALSE))) -> Descanso | ACS12: PRI | ACT12: 0 | ACU12: =IF(ACT12="","",+IF(ISERROR(VLOOKUP(ACT12,Validaciones!$D$13:$E$41,2,FALSE)),"NO DATA",VLOOKUP('Horario linea de latas'!ACT12,Validaciones!$D$13:$E$41,2,FALSE))) -> Descanso | ACV12: Modulfill | ACW12: 1 | ACX12: =IF(ACW12="","",+IF(ISERROR(VLOOKUP(ACW12,Validaciones!$D$13:$E$41,2,FALSE)),"NO DATA",VLOOKUP('Horario linea de latas'!ACW12,Validaciones!$D$13:$E$41,2,FALSE))) -> 07:30 - 16:30 | ACY12: Modulfill | ACZ12: 0 | ADA12: =IF(ACZ12="","",+IF(ISERROR(VLOOKUP(ACZ12,Validaciones!$D$13:$E$41,2,FALSE)),"NO DATA",VLOOKUP('Horario linea de latas'!ACZ12,Validaciones!$D$13:$E$41,2,FALSE))) -> Descanso | ADB12: Modulfill | ADC12: 9 | ADD12: =IF(ADC12="","",+IF(ISERROR(VLOOKUP(ADC12,Validaciones!$D$13:$E$41,2,FALSE)),"NO DATA",VLOOKUP('Horario linea de latas'!ADC12,Validaciones!$D$13:$E$41,2,FALSE))) -> 23:30 - 08:30 | ADE12: Modulfill | ADF12: 9 | ADG12: =IF(ADF12="","",+IF(ISERROR(VLOOKUP(ADF12,Validaciones!$D$13:$E$41,2,FALSE)),"NO DATA",VLOOKUP('Horario linea de latas'!ADF12,Validaciones!$D$13:$E$41,2,FALSE))) -> 23:30 - 08:30 | ADH12: Modulfill | ADI12: 9 | ADJ12: =IF(ADI12="","",+IF(ISERROR(VLOOKUP(ADI12,Validaciones!$D$13:$E$41,2,FALSE)),"NO DATA",VLOOKUP('Horario linea de latas'!ADI12,Validaciones!$D$13:$E$41,2,FALSE))) -> 23:30 - 08:30 | ADK12: Modulfill | ADL12: 9 | ADM12: =IF(ADL12="","",+IF(ISERROR(VLOOKUP(ADL12,Validaciones!$D$13:$E$41,2,FALSE)),"NO DATA",VLOOKUP('Horario linea de latas'!ADL12,Validaciones!$D$13:$E$41,2,FALSE))) -> 23:30 - 08:30 | ADN12: PRI | ADO12: 0 | ADP12: =IF(ADO12="","",+IF(ISERROR(VLOOKUP(ADO12,Validaciones!$D$13:$E$41,2,FALSE)),"NO DATA",VLOOKUP('Horario linea de latas'!ADO12,Validaciones!$D$13:$E$41,2,FALSE))) -> Descanso | ADQ12: Modulfill | ADR12: 1 | ADS12: =IF(ADR12="","",+IF(ISERROR(VLOOKUP(ADR12,Validaciones!$D$13:$E$41,2,FALSE)),"NO DATA",VLOOKUP('Horario linea de latas'!ADR12,Validaciones!$D$13:$E$41,2,FALSE))) -> 07:30 - 16:30 | ADT12: PRI | ADU12: 1 | ADV12: =IF(ADU12="","",+IF(ISERROR(VLOOKUP(ADU12,Validaciones!$D$13:$E$41,2,FALSE)),"NO DATA",VLOOKUP('Horario linea de latas'!ADU12,Validaciones!$D$13:$E$41,2,FALSE))) -> 07:30 - 16:30 | ADW12: Modulfill | ADX12: 1 | ADY12: =IF(ADX12="","",+IF(ISERROR(VLOOKUP(ADX12,Validaciones!$D$13:$E$41,2,FALSE)),"NO DATA",VLOOKUP('Horario linea de latas'!ADX12,Validaciones!$D$13:$E$41,2,FALSE))) -> 07:30 - 16:30 | ADZ12: Modulfill | AEA12: 1 | AEB12: =IF(AEA12="","",+IF(ISERROR(VLOOKUP(AEA12,Validaciones!$D$13:$E$41,2,FALSE)),"NO DATA",VLOOKUP('Horario linea de latas'!AEA12,Validaciones!$D$13:$E$41,2,FALSE))) -> 07:30 - 16:30 | AEC12: Modulfill | AED12: 1 | AEE12: =IF(AED12="","",+IF(ISERROR(VLOOKUP(AED12,Validaciones!$D$13:$E$41,2,FALSE)),"NO DATA",VLOOKUP('Horario linea de latas'!AED12,Validaciones!$D$13:$E$41,2,FALSE))) -> 07:30 - 16:30 | AEF12: Modulfill | AEG12: 0 | AEH12: =IF(AEG12="","",+IF(ISERROR(VLOOKUP(AEG12,Validaciones!$D$13:$E$41,2,FALSE)),"NO DATA",VLOOKUP('Horario linea de latas'!AEG12,Validaciones!$D$13:$E$41,2,FALSE))) -> Descanso | AEI12: Modulfill | AEJ12: 0 | AEK12: =IF(AEJ12="","",+IF(ISERROR(VLOOKUP(AEJ12,Validaciones!$D$13:$E$41,2,FALSE)),"NO DATA",VLOOKUP('Horario linea de latas'!AEJ12,Validaciones!$D$13:$E$41,2,FALSE))) -> Descanso | AEL12: Modulfill | AEM12: 7 | AEN12: =IF(AEM12="","",+IF(ISERROR(VLOOKUP(AEM12,Validaciones!$D$13:$E$41,2,FALSE)),"NO DATA",VLOOKUP('Horario linea de latas'!AEM12,Validaciones!$D$13:$E$41,2,FALSE))) -> 19:30 - 08:30 | AEO12: Modulfill | AEP12: 4 | AEQ12: =IF(AEP12="","",+IF(ISERROR(VLOOKUP(AEP12,Validaciones!$D$13:$E$41,2,FALSE)),"NO DATA",VLOOKUP('Horario linea de latas'!AEP12,Validaciones!$D$13:$E$41,2,FALSE))) -> 07:30 - 20:30 | AER12: Modulfill | AES12: 7 | AET12: =IF(AES12="","",+IF(ISERROR(VLOOKUP(AES12,Validaciones!$D$13:$E$41,2,FALSE)),"NO DATA",VLOOKUP('Horario linea de latas'!AES12,Validaciones!$D$13:$E$41,2,FALSE))) -> 19:30 - 08:30 | AEU12: Modulfill | AEV12: 9 | AEW12: =IF(AEV12="","",+IF(ISERROR(VLOOKUP(AEV12,Validaciones!$D$13:$E$41,2,FALSE)),"NO DATA",VLOOKUP('Horario linea de latas'!AEV12,Validaciones!$D$13:$E$41,2,FALSE))) -> 23:30 - 08:30 | AEX12: Modulfill | AEY12: 9 | AEZ12: =IF(AEY12="","",+IF(ISERROR(VLOOKUP(AEY12,Validaciones!$D$13:$E$41,2,FALSE)),"NO DATA",VLOOKUP('Horario linea de latas'!AEY12,Validaciones!$D$13:$E$41,2,FALSE))) -> 23:30 - 08:30 | AFA12: Modulfill | AFB12: 0 | AFC12: =IF(AFB12="","",+IF(ISERROR(VLOOKUP(AFB12,Validaciones!$D$13:$E$41,2,FALSE)),"NO DATA",VLOOKUP('Horario linea de latas'!AFB12,Validaciones!$D$13:$E$41,2,FALSE))) -> Descanso | AFD12: Modulfill | AFE12: 0 | AFF12: =IF(AFE12="","",+IF(ISERROR(VLOOKUP(AFE12,Validaciones!$D$13:$E$41,2,FALSE)),"NO DATA",VLOOKUP('Horario linea de latas'!AFE12,Validaciones!$D$13:$E$41,2,FALSE))) -> Descanso | AFG12: Modulfill | AFH12: 4 | AFI12: =IF(AFH12="","",+IF(ISERROR(VLOOKUP(AFH12,Validaciones!$D$13:$E$41,2,FALSE)),"NO DATA",VLOOKUP('Horario linea de latas'!AFH12,Validaciones!$D$13:$E$41,2,FALSE))) -> 07:30 - 20:30 | AFJ12: Modulfill | AFK12: 4 | AFL12: =IF(AFK12="","",+IF(ISERROR(VLOOKUP(AFK12,Validaciones!$D$13:$E$41,2,FALSE)),"NO DATA",VLOOKUP('Horario linea de latas'!AFK12,Validaciones!$D$13:$E$41,2,FALSE))) -> 07:30 - 20:30 | AFM12: Modulfill | AFN12: 5 | AFO12: =IF(AFN12="","",+IF(ISERROR(VLOOKUP(AFN12,Validaciones!$D$13:$E$41,2,FALSE)),"NO DATA",VLOOKUP('Horario linea de latas'!AFN12,Validaciones!$D$13:$E$41,2,FALSE))) -> 15:30 - 00:30 | AFP12: Modulfill | AFQ12: 5 | AFR12: =IF(AFQ12="","",+IF(ISERROR(VLOOKUP(AFQ12,Validaciones!$D$13:$E$41,2,FALSE)),"NO DATA",VLOOKUP('Horario linea de latas'!AFQ12,Validaciones!$D$13:$E$41,2,FALSE))) -> 15:30 - 00:30 | AFS12: Modulfill | AFT12: 5 | AFU12: =IF(AFT12="","",+IF(ISERROR(VLOOKUP(AFT12,Validaciones!$D$13:$E$41,2,FALSE)),"NO DATA",VLOOKUP('Horario linea de latas'!AFT12,Validaciones!$D$13:$E$41,2,FALSE))) -> 15:30 - 00:30 | AFV12: Modulfill | AFW12: 5 | AFX12: =IF(AFW12="","",+IF(ISERROR(VLOOKUP(AFW12,Validaciones!$D$13:$E$41,2,FALSE)),"NO DATA",VLOOKUP('Horario linea de latas'!AFW12,Validaciones!$D$13:$E$41,2,FALSE))) -> 15:30 - 00:30 | AFY12: Modulfill | AFZ12: 0 | AGA12: =IF(AFZ12="","",+IF(ISERROR(VLOOKUP(AFZ12,Validaciones!$D$13:$E$41,2,FALSE)),"NO DATA",VLOOKUP('Horario linea de latas'!AFZ12,Validaciones!$D$13:$E$41,2,FALSE))) -> Descanso | AGB12: Modulfill | AGC12: 0 | AGD12: =IF(AGC12="","",+IF(ISERROR(VLOOKUP(AGC12,Validaciones!$D$13:$E$41,2,FALSE)),"NO DATA",VLOOKUP('Horario linea de latas'!AGC12,Validaciones!$D$13:$E$41,2,FALSE))) -> Descanso | AGE12: Modulfill | AGH12: =IF(AGG12="","",+IF(ISERROR(VLOOKUP(AGG12,Validaciones!$D$13:$E$41,2,FALSE)),"NO DATA",VLOOKUP('Horario linea de latas'!AGG12,Validaciones!$D$13:$E$41,2,FALSE))) | AGK12: =IF(AGJ12="","",+IF(ISERROR(VLOOKUP(AGJ12,Validaciones!$D$13:$E$41,2,FALSE)),"NO DATA",VLOOKUP('Horario linea de latas'!AGJ12,Validaciones!$D$13:$E$41,2,FALSE))) | AGN12: =IF(AGM12="","",+IF(ISERROR(VLOOKUP(AGM12,Validaciones!$D$13:$E$41,2,FALSE)),"NO DATA",VLOOKUP('Horario linea de latas'!AGM12,Validaciones!$D$13:$E$41,2,FALSE))) | AGQ12: =IF(AGP12="","",+IF(ISERROR(VLOOKUP(AGP12,Validaciones!$D$13:$E$41,2,FALSE)),"NO DATA",VLOOKUP('Horario linea de latas'!AGP12,Validaciones!$D$13:$E$41,2,FALSE))) | AGT12: =IF(AGS12="","",+IF(ISERROR(VLOOKUP(AGS12,Validaciones!$D$13:$E$41,2,FALSE)),"NO DATA",VLOOKUP('Horario linea de latas'!AGS12,Validaciones!$D$13:$E$41,2,FALSE))) | AGW12: =IF(AGV12="","",+IF(ISERROR(VLOOKUP(AGV12,Validaciones!$D$13:$E$41,2,FALSE)),"NO DATA",VLOOKUP('Horario linea de latas'!AGV12,Validaciones!$D$13:$E$41,2,FALSE))) | AGZ12: =IF(AGY12="","",+IF(ISERROR(VLOOKUP(AGY12,Validaciones!$D$13:$E$41,2,FALSE)),"NO DATA",VLOOKUP('Horario linea de latas'!AGY12,Validaciones!$D$13:$E$41,2,FALSE))) | AHC12: =IF(AHB12="","",+IF(ISERROR(VLOOKUP(AHB12,Validaciones!$D$13:$E$41,2,FALSE)),"NO DATA",VLOOKUP('Horario linea de latas'!AHB12,Validaciones!$D$13:$E$41,2,FALSE))) | AHF12: =IF(AHE12="","",+IF(ISERROR(VLOOKUP(AHE12,Validaciones!$D$13:$E$41,2,FALSE)),"NO DATA",VLOOKUP('Horario linea de latas'!AHE12,Validaciones!$D$13:$E$41,2,FALSE))) | AHI12: =IF(AHH12="","",+IF(ISERROR(VLOOKUP(AHH12,Validaciones!$D$13:$E$41,2,FALSE)),"NO DATA",VLOOKUP('Horario linea de latas'!AHH12,Validaciones!$D$13:$E$41,2,FALSE))) | AHL12: =IF(AHK12="","",+IF(ISERROR(VLOOKUP(AHK12,Validaciones!$D$13:$E$41,2,FALSE)),"NO DATA",VLOOKUP('Horario linea de latas'!AHK12,Validaciones!$D$13:$E$41,2,FALSE))) | AHO12: =IF(AHN12="","",+IF(ISERROR(VLOOKUP(AHN12,Validaciones!$D$13:$E$41,2,FALSE)),"NO DATA",VLOOKUP('Horario linea de latas'!AHN12,Validaciones!$D$13:$E$41,2,FALSE))) | AHR12: =IF(AHQ12="","",+IF(ISERROR(VLOOKUP(AHQ12,Validaciones!$D$13:$E$41,2,FALSE)),"NO DATA",VLOOKUP('Horario linea de latas'!AHQ12,Validaciones!$D$13:$E$41,2,FALSE))) | AHU12: =IF(AHT12="","",+IF(ISERROR(VLOOKUP(AHT12,Validaciones!$D$13:$E$41,2,FALSE)),"NO DATA",VLOOKUP('Horario linea de latas'!AHT12,Validaciones!$D$13:$E$41,2,FALSE))) | AHX12: =IF(AHW12="","",+IF(ISERROR(VLOOKUP(AHW12,Validaciones!$D$13:$E$41,2,FALSE)),"NO DATA",VLOOKUP('Horario linea de latas'!AHW12,Validaciones!$D$13:$E$41,2,FALSE))) | AIA12: =IF(AHZ12="","",+IF(ISERROR(VLOOKUP(AHZ12,Validaciones!$D$13:$E$41,2,FALSE)),"NO DATA",VLOOKUP('Horario linea de latas'!AHZ12,Validaciones!$D$13:$E$41,2,FALSE))) | AID12: =IF(AIC12="","",+IF(ISERROR(VLOOKUP(AIC12,Validaciones!$D$13:$E$41,2,FALSE)),"NO DATA",VLOOKUP('Horario linea de latas'!AIC12,Validaciones!$D$13:$E$41,2,FALSE))) | AIG12: =IF(AIF12="","",+IF(ISERROR(VLOOKUP(AIF12,Validaciones!$D$13:$E$41,2,FALSE)),"NO DATA",VLOOKUP('Horario linea de latas'!AIF12,Validaciones!$D$13:$E$41,2,FALSE))) | AIJ12: =IF(AII12="","",+IF(ISERROR(VLOOKUP(AII12,Validaciones!$D$13:$E$41,2,FALSE)),"NO DATA",VLOOKUP('Horario linea de latas'!AII12,Validaciones!$D$13:$E$41,2,FALSE))) | AIM12: =IF(AIL12="","",+IF(ISERROR(VLOOKUP(AIL12,Validaciones!$D$13:$E$41,2,FALSE)),"NO DATA",VLOOKUP('Horario linea de latas'!AIL12,Validaciones!$D$13:$E$41,2,FALSE))) | AIP12: =IF(AIO12="","",+IF(ISERROR(VLOOKUP(AIO12,Validaciones!$D$13:$E$41,2,FALSE)),"NO DATA",VLOOKUP('Horario linea de latas'!AIO12,Validaciones!$D$13:$E$41,2,FALSE))) | AIS12: =IF(AIR12="","",+IF(ISERROR(VLOOKUP(AIR12,Validaciones!$D$13:$E$41,2,FALSE)),"NO DATA",VLOOKUP('Horario linea de latas'!AIR12,Validaciones!$D$13:$E$41,2,FALSE))) | AIV12: =IF(AIU12="","",+IF(ISERROR(VLOOKUP(AIU12,Validaciones!$D$13:$E$41,2,FALSE)),"NO DATA",VLOOKUP('Horario linea de latas'!AIU12,Validaciones!$D$13:$E$41,2,FALSE))) | AIY12: =IF(AIX12="","",+IF(ISERROR(VLOOKUP(AIX12,Validaciones!$D$13:$E$41,2,FALSE)),"NO DATA",VLOOKUP('Horario linea de latas'!AIX12,Validaciones!$D$13:$E$41,2,FALSE))) | AJB12: =IF(AJA12="","",+IF(ISERROR(VLOOKUP(AJA12,Validaciones!$D$13:$E$41,2,FALSE)),"NO DATA",VLOOKUP('Horario linea de latas'!AJA12,Validaciones!$D$13:$E$41,2,FALSE))) | AJE12: =IF(AJD12="","",+IF(ISERROR(VLOOKUP(AJD12,Validaciones!$D$13:$E$41,2,FALSE)),"NO DATA",VLOOKUP('Horario linea de latas'!AJD12,Validaciones!$D$13:$E$41,2,FALSE))) | AJH12: =IF(AJG12="","",+IF(ISERROR(VLOOKUP(AJG12,Validaciones!$D$13:$E$41,2,FALSE)),"NO DATA",VLOOKUP('Horario linea de latas'!AJG12,Validaciones!$D$13:$E$41,2,FALSE))) | AJK12: =IF(AJJ12="","",+IF(ISERROR(VLOOKUP(AJJ12,Validaciones!$D$13:$E$41,2,FALSE)),"NO DATA",VLOOKUP('Horario linea de latas'!AJJ12,Validaciones!$D$13:$E$41,2,FALSE))) | AJN12: =IF(AJM12="","",+IF(ISERROR(VLOOKUP(AJM12,Validaciones!$D$13:$E$41,2,FALSE)),"NO DATA",VLOOKUP('Horario linea de latas'!AJM12,Validaciones!$D$13:$E$41,2,FALSE))) | AJQ12: =IF(AJP12="","",+IF(ISERROR(VLOOKUP(AJP12,Validaciones!$D$13:$E$41,2,FALSE)),"NO DATA",VLOOKUP('Horario linea de latas'!AJP12,Validaciones!$D$13:$E$41,2,FALSE))) | AJT12: =IF(AJS12="","",+IF(ISERROR(VLOOKUP(AJS12,Validaciones!$D$13:$E$41,2,FALSE)),"NO DATA",VLOOKUP('Horario linea de latas'!AJS12,Validaciones!$D$13:$E$41,2,FALSE))) | AJW12: =IF(AJV12="","",+IF(ISERROR(VLOOKUP(AJV12,Validaciones!$D$13:$E$41,2,FALSE)),"NO DATA",VLOOKUP('Horario linea de latas'!AJV12,Validaciones!$D$13:$E$41,2,FALSE))) | AJZ12: =IF(AJY12="","",+IF(ISERROR(VLOOKUP(AJY12,Validaciones!$D$13:$E$41,2,FALSE)),"NO DATA",VLOOKUP('Horario linea de latas'!AJY12,Validaciones!$D$13:$E$41,2,FALSE))) | AKC12: =IF(AKB12="","",+IF(ISERROR(VLOOKUP(AKB12,Validaciones!$D$13:$E$41,2,FALSE)),"NO DATA",VLOOKUP('Horario linea de latas'!AKB12,Validaciones!$D$13:$E$41,2,FALSE))) | AKF12: =IF(AKE12="","",+IF(ISERROR(VLOOKUP(AKE12,Validaciones!$D$13:$E$41,2,FALSE)),"NO DATA",VLOOKUP('Horario linea de latas'!AKE12,Validaciones!$D$13:$E$41,2,FALSE))) | AKI12: =IF(AKH12="","",+IF(ISERROR(VLOOKUP(AKH12,Validaciones!$D$13:$E$41,2,FALSE)),"NO DATA",VLOOKUP('Horario linea de latas'!AKH12,Validaciones!$D$13:$E$41,2,FALSE))) | AKL12: =IF(AKK12="","",+IF(ISERROR(VLOOKUP(AKK12,Validaciones!$D$13:$E$41,2,FALSE)),"NO DATA",VLOOKUP('Horario linea de latas'!AKK12,Validaciones!$D$13:$E$41,2,FALSE))) | AKO12: =IF(AKN12="","",+IF(ISERROR(VLOOKUP(AKN12,Validaciones!$D$13:$E$41,2,FALSE)),"NO DATA",VLOOKUP('Horario linea de latas'!AKN12,Validaciones!$D$13:$E$41,2,FALSE))) | AKR12: =IF(AKQ12="","",+IF(ISERROR(VLOOKUP(AKQ12,Validaciones!$D$13:$E$41,2,FALSE)),"NO DATA",VLOOKUP('Horario linea de latas'!AKQ12,Validaciones!$D$13:$E$41,2,FALSE))) | AKU12: =IF(AKT12="","",+IF(ISERROR(VLOOKUP(AKT12,Validaciones!$D$13:$E$41,2,FALSE)),"NO DATA",VLOOKUP('Horario linea de latas'!AKT12,Validaciones!$D$13:$E$41,2,FALSE))) | AKX12: =IF(AKW12="","",+IF(ISERROR(VLOOKUP(AKW12,Validaciones!$D$13:$E$41,2,FALSE)),"NO DATA",VLOOKUP('Horario linea de latas'!AKW12,Validaciones!$D$13:$E$41,2,FALSE))) | ALA12: =IF(AKZ12="","",+IF(ISERROR(VLOOKUP(AKZ12,Validaciones!$D$13:$E$41,2,FALSE)),"NO DATA",VLOOKUP('Horario linea de latas'!AKZ12,Validaciones!$D$13:$E$41,2,FALSE))) | ALD12: =IF(ALC12="","",+IF(ISERROR(VLOOKUP(ALC12,Validaciones!$D$13:$E$41,2,FALSE)),"NO DATA",VLOOKUP('Horario linea de latas'!ALC12,Validaciones!$D$13:$E$41,2,FALSE))) | ALG12: =IF(ALF12="","",+IF(ISERROR(VLOOKUP(ALF12,Validaciones!$D$13:$E$41,2,FALSE)),"NO DATA",VLOOKUP('Horario linea de latas'!ALF12,Validaciones!$D$13:$E$41,2,FALSE))) | ALJ12: =IF(ALI12="","",+IF(ISERROR(VLOOKUP(ALI12,Validaciones!$D$13:$E$41,2,FALSE)),"NO DATA",VLOOKUP('Horario linea de latas'!ALI12,Validaciones!$D$13:$E$41,2,FALSE))) | ALM12: =IF(ALL12="","",+IF(ISERROR(VLOOKUP(ALL12,Validaciones!$D$13:$E$41,2,FALSE)),"NO DATA",VLOOKUP('Horario linea de latas'!ALL12,Validaciones!$D$13:$E$41,2,FALSE))) | ALP12: =IF(ALO12="","",+IF(ISERROR(VLOOKUP(ALO12,Validaciones!$D$13:$E$41,2,FALSE)),"NO DATA",VLOOKUP('Horario linea de latas'!ALO12,Validaciones!$D$13:$E$41,2,FALSE))) | ALS12: =IF(ALR12="","",+IF(ISERROR(VLOOKUP(ALR12,Validaciones!$D$13:$E$41,2,FALSE)),"NO DATA",VLOOKUP('Horario linea de latas'!ALR12,Validaciones!$D$13:$E$41,2,FALSE))) | ALV12: =IF(ALU12="","",+IF(ISERROR(VLOOKUP(ALU12,Validaciones!$D$13:$E$41,2,FALSE)),"NO DATA",VLOOKUP('Horario linea de latas'!ALU12,Validaciones!$D$13:$E$41,2,FALSE)))
